center,left,right,steering,throttle,reverse,speed
center_2025_06_20_07_57_06_491425.jpg,left_2025_06_20_07_57_06_491425.jpg,right_2025_06_20_07_57_06_491425.jpg,0.0,0,0,15
center_2025_06_20_07_57_06_889736.jpg,left_2025_06_20_07_57_06_889736.jpg,right_2025_06_20_07_57_06_889736.jpg,0.0,0,0,15
center_2025_06_20_07_57_07_245024.jpg,left_2025_06_20_07_57_07_245024.jpg,right_2025_06_20_07_57_07_245024.jpg,0.0,0,0,15
center_2025_06_20_07_57_07_600818.jpg,left_2025_06_20_07_57_07_600818.jpg,right_2025_06_20_07_57_07_600818.jpg,0.0,0,0,15
center_2025_06_20_07_57_07_970266.jpg,left_2025_06_20_07_57_07_970266.jpg,right_2025_06_20_07_57_07_970266.jpg,0.0,0,0,15
center_2025_06_20_07_57_08_397273.jpg,left_2025_06_20_07_57_08_397273.jpg,right_2025_06_20_07_57_08_397273.jpg,0.0,0,0,15
center_2025_06_20_07_57_08_794695.jpg,left_2025_06_20_07_57_08_794695.jpg,right_2025_06_20_07_57_08_794695.jpg,0.0,0,0,15
center_2025_06_20_07_57_09_195468.jpg,left_2025_06_20_07_57_09_195468.jpg,right_2025_06_20_07_57_09_195468.jpg,0.0,0,0,15
center_2025_06_20_07_57_09_635217.jpg,left_2025_06_20_07_57_09_635217.jpg,right_2025_06_20_07_57_09_635217.jpg,0.0,0,0,15
center_2025_06_20_07_57_10_044044.jpg,left_2025_06_20_07_57_10_044044.jpg,right_2025_06_20_07_57_10_044044.jpg,0.0,0,0,15
center_2025_06_20_07_57_10_545638.jpg,left_2025_06_20_07_57_10_545638.jpg,right_2025_06_20_07_57_10_545638.jpg,0.0,0,0,15
center_2025_06_20_07_57_10_954696.jpg,left_2025_06_20_07_57_10_954696.jpg,right_2025_06_20_07_57_10_954696.jpg,0.0,0,0,15
center_2025_06_20_07_57_11_395494.jpg,left_2025_06_20_07_57_11_395494.jpg,right_2025_06_20_07_57_11_395494.jpg,0.0,0,0,15
center_2025_06_20_07_57_11_790601.jpg,left_2025_06_20_07_57_11_790601.jpg,right_2025_06_20_07_57_11_790601.jpg,0.0,0,0,15
center_2025_06_20_07_57_12_182753.jpg,left_2025_06_20_07_57_12_182753.jpg,right_2025_06_20_07_57_12_182753.jpg,0.0,0,0,15
center_2025_06_20_07_57_12_707276.jpg,left_2025_06_20_07_57_12_707276.jpg,right_2025_06_20_07_57_12_707276.jpg,0.0,0,0,15
center_2025_06_20_07_57_13_088367.jpg,left_2025_06_20_07_57_13_088367.jpg,right_2025_06_20_07_57_13_088367.jpg,0.0,0,0,15
center_2025_06_20_07_57_13_507106.jpg,left_2025_06_20_07_57_13_507106.jpg,right_2025_06_20_07_57_13_507106.jpg,0.0,0,0,15
center_2025_06_20_07_57_13_911222.jpg,left_2025_06_20_07_57_13_911222.jpg,right_2025_06_20_07_57_13_911222.jpg,0.0,0,0,15
center_2025_06_20_07_57_14_308365.jpg,left_2025_06_20_07_57_14_308365.jpg,right_2025_06_20_07_57_14_308365.jpg,0.0,0,0,15
center_2025_06_20_07_57_14_793905.jpg,left_2025_06_20_07_57_14_793905.jpg,right_2025_06_20_07_57_14_793905.jpg,0.0,0,0,15
center_2025_06_20_07_57_15_182676.jpg,left_2025_06_20_07_57_15_182676.jpg,right_2025_06_20_07_57_15_182676.jpg,0.0,0,0,15
center_2025_06_20_07_57_15_601105.jpg,left_2025_06_20_07_57_15_601105.jpg,right_2025_06_20_07_57_15_601105.jpg,0.0,0,0,15
center_2025_06_20_07_57_15_988213.jpg,left_2025_06_20_07_57_15_988213.jpg,right_2025_06_20_07_57_15_988213.jpg,0.0,0,0,15
center_2025_06_20_07_57_16_389054.jpg,left_2025_06_20_07_57_16_389054.jpg,right_2025_06_20_07_57_16_389054.jpg,0.0,0,0,15
center_2025_06_20_07_57_16_882391.jpg,left_2025_06_20_07_57_16_882391.jpg,right_2025_06_20_07_57_16_882391.jpg,0.0,0,0,15
center_2025_06_20_07_57_17_282367.jpg,left_2025_06_20_07_57_17_282367.jpg,right_2025_06_20_07_57_17_282367.jpg,0.0,0,0,15
center_2025_06_20_07_57_17_731349.jpg,left_2025_06_20_07_57_17_731349.jpg,right_2025_06_20_07_57_17_731349.jpg,0.0,0,0,15
center_2025_06_20_07_57_18_140575.jpg,left_2025_06_20_07_57_18_140575.jpg,right_2025_06_20_07_57_18_140575.jpg,0.0,0,0,15
center_2025_06_20_07_57_18_526564.jpg,left_2025_06_20_07_57_18_526564.jpg,right_2025_06_20_07_57_18_526564.jpg,0.0,0,0,15
center_2025_06_20_07_57_19_030751.jpg,left_2025_06_20_07_57_19_030751.jpg,right_2025_06_20_07_57_19_030751.jpg,0.0,0,0,15
center_2025_06_20_07_57_19_405632.jpg,left_2025_06_20_07_57_19_405632.jpg,right_2025_06_20_07_57_19_405632.jpg,0.0,0,0,15
center_2025_06_20_07_57_19_812857.jpg,left_2025_06_20_07_57_19_812857.jpg,right_2025_06_20_07_57_19_812857.jpg,0.0,0,0,15
center_2025_06_20_07_57_20_209638.jpg,left_2025_06_20_07_57_20_209638.jpg,right_2025_06_20_07_57_20_209638.jpg,0.0,0,0,15
center_2025_06_20_07_57_20_578614.jpg,left_2025_06_20_07_57_20_578614.jpg,right_2025_06_20_07_57_20_578614.jpg,0.0,0,0,15
center_2025_06_20_07_57_21_042346.jpg,left_2025_06_20_07_57_21_042346.jpg,right_2025_06_20_07_57_21_042346.jpg,0.0,0,0,15
center_2025_06_20_07_57_21_435391.jpg,left_2025_06_20_07_57_21_435391.jpg,right_2025_06_20_07_57_21_435391.jpg,0.0,0,0,15
center_2025_06_20_07_57_21_831675.jpg,left_2025_06_20_07_57_21_831675.jpg,right_2025_06_20_07_57_21_831675.jpg,0.0,0,0,15
center_2025_06_20_07_57_22_240887.jpg,left_2025_06_20_07_57_22_240887.jpg,right_2025_06_20_07_57_22_240887.jpg,0.0,0,0,15
center_2025_06_20_07_57_22_641643.jpg,left_2025_06_20_07_57_22_641643.jpg,right_2025_06_20_07_57_22_641643.jpg,0.0,0,0,15
center_2025_06_20_07_57_23_065861.jpg,left_2025_06_20_07_57_23_065861.jpg,right_2025_06_20_07_57_23_065861.jpg,0.0,0,0,15
center_2025_06_20_07_57_23_496063.jpg,left_2025_06_20_07_57_23_496063.jpg,right_2025_06_20_07_57_23_496063.jpg,0.0,0,0,15
center_2025_06_20_07_57_23_895563.jpg,left_2025_06_20_07_57_23_895563.jpg,right_2025_06_20_07_57_23_895563.jpg,-0.04714,0,0,15
center_2025_06_20_07_57_24_278313.jpg,left_2025_06_20_07_57_24_278313.jpg,right_2025_06_20_07_57_24_278313.jpg,0.0,0,0,15
center_2025_06_20_07_57_24_745517.jpg,left_2025_06_20_07_57_24_745517.jpg,right_2025_06_20_07_57_24_745517.jpg,-0.06624,0,0,15
center_2025_06_20_07_57_25_200467.jpg,left_2025_06_20_07_57_25_200467.jpg,right_2025_06_20_07_57_25_200467.jpg,0.0,0,0,15
center_2025_06_20_07_57_25_699859.jpg,left_2025_06_20_07_57_25_699859.jpg,right_2025_06_20_07_57_25_699859.jpg,-0.09148,0,0,15
center_2025_06_20_07_57_26_067303.jpg,left_2025_06_20_07_57_26_067303.jpg,right_2025_06_20_07_57_26_067303.jpg,0.0,0,0,15
center_2025_06_20_07_57_26_421517.jpg,left_2025_06_20_07_57_26_421517.jpg,right_2025_06_20_07_57_26_421517.jpg,-0.10675000000000001,0,0,15
center_2025_06_20_07_57_26_815125.jpg,left_2025_06_20_07_57_26_815125.jpg,right_2025_06_20_07_57_26_815125.jpg,0.0,0,0,15
center_2025_06_20_07_57_27_198889.jpg,left_2025_06_20_07_57_27_198889.jpg,right_2025_06_20_07_57_27_198889.jpg,-0.07651000000000001,0,0,15
center_2025_06_20_07_57_27_583326.jpg,left_2025_06_20_07_57_27_583326.jpg,right_2025_06_20_07_57_27_583326.jpg,0.0,0,0,15
center_2025_06_20_07_57_28_012516.jpg,left_2025_06_20_07_57_28_012516.jpg,right_2025_06_20_07_57_28_012516.jpg,-0.08632999999999998,0,0,15
center_2025_06_20_07_57_28_495866.jpg,left_2025_06_20_07_57_28_495866.jpg,right_2025_06_20_07_57_28_495866.jpg,0.15465,0,0,15
center_2025_06_20_07_57_28_940250.jpg,left_2025_06_20_07_57_28_940250.jpg,right_2025_06_20_07_57_28_940250.jpg,-0.10552000000000002,0,0,15
center_2025_06_20_07_57_29_349059.jpg,left_2025_06_20_07_57_29_349059.jpg,right_2025_06_20_07_57_29_349059.jpg,-0.06183,0,0,15
center_2025_06_20_07_57_29_764611.jpg,left_2025_06_20_07_57_29_764611.jpg,right_2025_06_20_07_57_29_764611.jpg,-0.09443,0,0,15
center_2025_06_20_07_57_30_221879.jpg,left_2025_06_20_07_57_30_221879.jpg,right_2025_06_20_07_57_30_221879.jpg,-0.08875000000000001,0,0,15
center_2025_06_20_07_57_30_750881.jpg,left_2025_06_20_07_57_30_750881.jpg,right_2025_06_20_07_57_30_750881.jpg,-0.05232,0,0,15
center_2025_06_20_07_57_31_222367.jpg,left_2025_06_20_07_57_31_222367.jpg,right_2025_06_20_07_57_31_222367.jpg,-0.06999999999999999,0,0,15
center_2025_06_20_07_57_31_732952.jpg,left_2025_06_20_07_57_31_732952.jpg,right_2025_06_20_07_57_31_732952.jpg,-0.11000000000000001,0,0,15
center_2025_06_20_07_57_32_279046.jpg,left_2025_06_20_07_57_32_279046.jpg,right_2025_06_20_07_57_32_279046.jpg,0.0,0,0,15
center_2025_06_20_07_57_32_748660.jpg,left_2025_06_20_07_57_32_748660.jpg,right_2025_06_20_07_57_32_748660.jpg,0.0,0,0,15
center_2025_06_20_07_57_33_256239.jpg,left_2025_06_20_07_57_33_256239.jpg,right_2025_06_20_07_57_33_256239.jpg,-0.03035,0,0,15
center_2025_06_20_07_57_33_747483.jpg,left_2025_06_20_07_57_33_747483.jpg,right_2025_06_20_07_57_33_747483.jpg,0.0,0,0,15
center_2025_06_20_07_57_34_264257.jpg,left_2025_06_20_07_57_34_264257.jpg,right_2025_06_20_07_57_34_264257.jpg,0.0,0,0,15
center_2025_06_20_07_57_34_775995.jpg,left_2025_06_20_07_57_34_775995.jpg,right_2025_06_20_07_57_34_775995.jpg,0.0,0,0,15
center_2025_06_20_07_57_35_281989.jpg,left_2025_06_20_07_57_35_281989.jpg,right_2025_06_20_07_57_35_281989.jpg,0.0,0,0,15
center_2025_06_20_07_57_35_748849.jpg,left_2025_06_20_07_57_35_748849.jpg,right_2025_06_20_07_57_35_748849.jpg,0.0,0,0,15
center_2025_06_20_07_57_36_316306.jpg,left_2025_06_20_07_57_36_316306.jpg,right_2025_06_20_07_57_36_316306.jpg,0.0,0,0,15
center_2025_06_20_07_57_36_813596.jpg,left_2025_06_20_07_57_36_813596.jpg,right_2025_06_20_07_57_36_813596.jpg,0.0,0,0,15
center_2025_06_20_07_57_37_260279.jpg,left_2025_06_20_07_57_37_260279.jpg,right_2025_06_20_07_57_37_260279.jpg,0.0,0,0,15
center_2025_06_20_07_57_37_741953.jpg,left_2025_06_20_07_57_37_741953.jpg,right_2025_06_20_07_57_37_741953.jpg,0.0,0,0,15
center_2025_06_20_07_57_38_205184.jpg,left_2025_06_20_07_57_38_205184.jpg,right_2025_06_20_07_57_38_205184.jpg,0.0,0,0,15
center_2025_06_20_07_57_38_743829.jpg,left_2025_06_20_07_57_38_743829.jpg,right_2025_06_20_07_57_38_743829.jpg,0.0,0,0,15
center_2025_06_20_07_57_39_258307.jpg,left_2025_06_20_07_57_39_258307.jpg,right_2025_06_20_07_57_39_258307.jpg,0.0,0,0,15
center_2025_06_20_07_57_39_809377.jpg,left_2025_06_20_07_57_39_809377.jpg,right_2025_06_20_07_57_39_809377.jpg,0.0,0,0,15
center_2025_06_20_07_57_40_281589.jpg,left_2025_06_20_07_57_40_281589.jpg,right_2025_06_20_07_57_40_281589.jpg,0.0,0,0,15
center_2025_06_20_07_57_40_786510.jpg,left_2025_06_20_07_57_40_786510.jpg,right_2025_06_20_07_57_40_786510.jpg,0.0,0,0,15
center_2025_06_20_07_57_41_221690.jpg,left_2025_06_20_07_57_41_221690.jpg,right_2025_06_20_07_57_41_221690.jpg,0.0,0,0,15
center_2025_06_20_07_57_41_743319.jpg,left_2025_06_20_07_57_41_743319.jpg,right_2025_06_20_07_57_41_743319.jpg,0.0,0,0,15
center_2025_06_20_07_57_42_285873.jpg,left_2025_06_20_07_57_42_285873.jpg,right_2025_06_20_07_57_42_285873.jpg,0.0,0,0,15
center_2025_06_20_07_57_42_753794.jpg,left_2025_06_20_07_57_42_753794.jpg,right_2025_06_20_07_57_42_753794.jpg,0.0,0,0,15
center_2025_06_20_07_57_43_232625.jpg,left_2025_06_20_07_57_43_232625.jpg,right_2025_06_20_07_57_43_232625.jpg,0.0,0,0,15
center_2025_06_20_07_57_43_681481.jpg,left_2025_06_20_07_57_43_681481.jpg,right_2025_06_20_07_57_43_681481.jpg,0.0,0,0,15
center_2025_06_20_07_57_44_218435.jpg,left_2025_06_20_07_57_44_218435.jpg,right_2025_06_20_07_57_44_218435.jpg,0.0,0,0,15
center_2025_06_20_07_57_44_700966.jpg,left_2025_06_20_07_57_44_700966.jpg,right_2025_06_20_07_57_44_700966.jpg,0.0,0,0,15
center_2025_06_20_07_57_45_129951.jpg,left_2025_06_20_07_57_45_129951.jpg,right_2025_06_20_07_57_45_129951.jpg,0.0,0,0,15
center_2025_06_20_07_57_45_592522.jpg,left_2025_06_20_07_57_45_592522.jpg,right_2025_06_20_07_57_45_592522.jpg,0.0,0,0,15
center_2025_06_20_07_57_46_112602.jpg,left_2025_06_20_07_57_46_112602.jpg,right_2025_06_20_07_57_46_112602.jpg,0.0,0,0,15
center_2025_06_20_07_57_46_633692.jpg,left_2025_06_20_07_57_46_633692.jpg,right_2025_06_20_07_57_46_633692.jpg,0.0,0,0,15
center_2025_06_20_07_57_47_088938.jpg,left_2025_06_20_07_57_47_088938.jpg,right_2025_06_20_07_57_47_088938.jpg,0.0,0,0,15
center_2025_06_20_07_57_47_510575.jpg,left_2025_06_20_07_57_47_510575.jpg,right_2025_06_20_07_57_47_510575.jpg,0.0,0,0,15
center_2025_06_20_07_57_47_918751.jpg,left_2025_06_20_07_57_47_918751.jpg,right_2025_06_20_07_57_47_918751.jpg,0.0,0,0,15
center_2025_06_20_07_57_48_440184.jpg,left_2025_06_20_07_57_48_440184.jpg,right_2025_06_20_07_57_48_440184.jpg,0.0,0,0,15
center_2025_06_20_07_57_49_029392.jpg,left_2025_06_20_07_57_49_029392.jpg,right_2025_06_20_07_57_49_029392.jpg,0.0,0,0,15
center_2025_06_20_07_57_49_439049.jpg,left_2025_06_20_07_57_49_439049.jpg,right_2025_06_20_07_57_49_439049.jpg,0.0,0,0,15
center_2025_06_20_07_57_49_872914.jpg,left_2025_06_20_07_57_49_872914.jpg,right_2025_06_20_07_57_49_872914.jpg,0.0,0,0,15
center_2025_06_20_07_57_50_281671.jpg,left_2025_06_20_07_57_50_281671.jpg,right_2025_06_20_07_57_50_281671.jpg,0.0,0,0,15
center_2025_06_20_07_57_50_730948.jpg,left_2025_06_20_07_57_50_730948.jpg,right_2025_06_20_07_57_50_730948.jpg,0.0,0,0,15
center_2025_06_20_07_57_51_209408.jpg,left_2025_06_20_07_57_51_209408.jpg,right_2025_06_20_07_57_51_209408.jpg,0.0,0,0,15
center_2025_06_20_07_57_51_651343.jpg,left_2025_06_20_07_57_51_651343.jpg,right_2025_06_20_07_57_51_651343.jpg,0.0,0,0,15
center_2025_06_20_07_57_52_061096.jpg,left_2025_06_20_07_57_52_061096.jpg,right_2025_06_20_07_57_52_061096.jpg,0.0,0,0,15
center_2025_06_20_07_57_52_539402.jpg,left_2025_06_20_07_57_52_539402.jpg,right_2025_06_20_07_57_52_539402.jpg,0.0,0,0,15
center_2025_06_20_07_57_52_949924.jpg,left_2025_06_20_07_57_52_949924.jpg,right_2025_06_20_07_57_52_949924.jpg,0.0,0,0,15
center_2025_06_20_07_57_53_348623.jpg,left_2025_06_20_07_57_53_348623.jpg,right_2025_06_20_07_57_53_348623.jpg,0.0,0,0,15
center_2025_06_20_07_57_53_785953.jpg,left_2025_06_20_07_57_53_785953.jpg,right_2025_06_20_07_57_53_785953.jpg,0.0,0,0,15
center_2025_06_20_07_57_54_198308.jpg,left_2025_06_20_07_57_54_198308.jpg,right_2025_06_20_07_57_54_198308.jpg,0.0,0,0,15
center_2025_06_20_07_57_54_737970.jpg,left_2025_06_20_07_57_54_737970.jpg,right_2025_06_20_07_57_54_737970.jpg,0.0,0,0,15
center_2025_06_20_07_57_55_145571.jpg,left_2025_06_20_07_57_55_145571.jpg,right_2025_06_20_07_57_55_145571.jpg,0.0,0,0,15
center_2025_06_20_07_57_55_577357.jpg,left_2025_06_20_07_57_55_577357.jpg,right_2025_06_20_07_57_55_577357.jpg,0.0,0,0,15
center_2025_06_20_07_57_55_977557.jpg,left_2025_06_20_07_57_55_977557.jpg,right_2025_06_20_07_57_55_977557.jpg,0.0,0,0,15
center_2025_06_20_07_57_56_386604.jpg,left_2025_06_20_07_57_56_386604.jpg,right_2025_06_20_07_57_56_386604.jpg,0.0,0,0,15
center_2025_06_20_07_57_56_987244.jpg,left_2025_06_20_07_57_56_987244.jpg,right_2025_06_20_07_57_56_987244.jpg,0.0,0,0,15
center_2025_06_20_07_57_57_428133.jpg,left_2025_06_20_07_57_57_428133.jpg,right_2025_06_20_07_57_57_428133.jpg,0.0,0,0,15
center_2025_06_20_07_57_57_835876.jpg,left_2025_06_20_07_57_57_835876.jpg,right_2025_06_20_07_57_57_835876.jpg,0.0,0,0,15
center_2025_06_20_07_57_58_283624.jpg,left_2025_06_20_07_57_58_283624.jpg,right_2025_06_20_07_57_58_283624.jpg,0.0,0,0,15
center_2025_06_20_07_57_58_680004.jpg,left_2025_06_20_07_57_58_680004.jpg,right_2025_06_20_07_57_58_680004.jpg,0.0,0,0,15
center_2025_06_20_07_57_59_256619.jpg,left_2025_06_20_07_57_59_256619.jpg,right_2025_06_20_07_57_59_256619.jpg,0.0,0,0,15
center_2025_06_20_07_57_59_829504.jpg,left_2025_06_20_07_57_59_829504.jpg,right_2025_06_20_07_57_59_829504.jpg,0.0,0,0,15
center_2025_06_20_07_58_00_244512.jpg,left_2025_06_20_07_58_00_244512.jpg,right_2025_06_20_07_58_00_244512.jpg,0.0,0,0,15
center_2025_06_20_07_58_00_623098.jpg,left_2025_06_20_07_58_00_623098.jpg,right_2025_06_20_07_58_00_623098.jpg,0.0,0,0,15
center_2025_06_20_07_58_01_040353.jpg,left_2025_06_20_07_58_01_040353.jpg,right_2025_06_20_07_58_01_040353.jpg,0.0,0,0,15
center_2025_06_20_07_58_01_421911.jpg,left_2025_06_20_07_58_01_421911.jpg,right_2025_06_20_07_58_01_421911.jpg,-0.11682000000000001,0,0,15
center_2025_06_20_07_58_01_947680.jpg,left_2025_06_20_07_58_01_947680.jpg,right_2025_06_20_07_58_01_947680.jpg,-0.040459999999999996,0,0,15
center_2025_06_20_07_58_02_414459.jpg,left_2025_06_20_07_58_02_414459.jpg,right_2025_06_20_07_58_02_414459.jpg,-0.036380000000000016,0,0,15
center_2025_06_20_07_58_02_829974.jpg,left_2025_06_20_07_58_02_829974.jpg,right_2025_06_20_07_58_02_829974.jpg,-0.03717,0,0,15
center_2025_06_20_07_58_03_216615.jpg,left_2025_06_20_07_58_03_216615.jpg,right_2025_06_20_07_58_03_216615.jpg,-0.05321999999999999,0,0,15
center_2025_06_20_07_58_03_599594.jpg,left_2025_06_20_07_58_03_599594.jpg,right_2025_06_20_07_58_03_599594.jpg,0.0,0,0,15
center_2025_06_20_07_58_03_991144.jpg,left_2025_06_20_07_58_03_991144.jpg,right_2025_06_20_07_58_03_991144.jpg,-0.04590999999999999,0,0,15
center_2025_06_20_07_58_04_477170.jpg,left_2025_06_20_07_58_04_477170.jpg,right_2025_06_20_07_58_04_477170.jpg,0.0,0,0,15
center_2025_06_20_07_58_04_966734.jpg,left_2025_06_20_07_58_04_966734.jpg,right_2025_06_20_07_58_04_966734.jpg,-0.05445999999999999,0,0,15
center_2025_06_20_07_58_05_446278.jpg,left_2025_06_20_07_58_05_446278.jpg,right_2025_06_20_07_58_05_446278.jpg,-0.04478999999999999,0,0,15
center_2025_06_20_07_58_05_899273.jpg,left_2025_06_20_07_58_05_899273.jpg,right_2025_06_20_07_58_05_899273.jpg,0.0,0,0,15
center_2025_06_20_07_58_06_304313.jpg,left_2025_06_20_07_58_06_304313.jpg,right_2025_06_20_07_58_06_304313.jpg,-0.04472000000000001,0,0,15
center_2025_06_20_07_58_06_746508.jpg,left_2025_06_20_07_58_06_746508.jpg,right_2025_06_20_07_58_06_746508.jpg,0.0,0,0,15
center_2025_06_20_07_58_07_227263.jpg,left_2025_06_20_07_58_07_227263.jpg,right_2025_06_20_07_58_07_227263.jpg,-0.044639999999999985,0,0,15
center_2025_06_20_07_58_07_706865.jpg,left_2025_06_20_07_58_07_706865.jpg,right_2025_06_20_07_58_07_706865.jpg,-0.043509999999999986,0,0,15
center_2025_06_20_07_58_08_267324.jpg,left_2025_06_20_07_58_08_267324.jpg,right_2025_06_20_07_58_08_267324.jpg,-0.05057000000000001,0,0,15
center_2025_06_20_07_58_08_669667.jpg,left_2025_06_20_07_58_08_669667.jpg,right_2025_06_20_07_58_08_669667.jpg,-0.03935999999999999,0,0,15
center_2025_06_20_07_58_09_075759.jpg,left_2025_06_20_07_58_09_075759.jpg,right_2025_06_20_07_58_09_075759.jpg,0.0,0,0,15
center_2025_06_20_07_58_09_518735.jpg,left_2025_06_20_07_58_09_518735.jpg,right_2025_06_20_07_58_09_518735.jpg,-0.041800000000000004,0,0,15
center_2025_06_20_07_58_09_954821.jpg,left_2025_06_20_07_58_09_954821.jpg,right_2025_06_20_07_58_09_954821.jpg,0.0,0,0,15
center_2025_06_20_07_58_10_475933.jpg,left_2025_06_20_07_58_10_475933.jpg,right_2025_06_20_07_58_10_475933.jpg,-0.03769,0,0,15
center_2025_06_20_07_58_11_005190.jpg,left_2025_06_20_07_58_11_005190.jpg,right_2025_06_20_07_58_11_005190.jpg,-0.07841,0,0,15
center_2025_06_20_07_58_11_429622.jpg,left_2025_06_20_07_58_11_429622.jpg,right_2025_06_20_07_58_11_429622.jpg,-0.0257,0,0,15
center_2025_06_20_07_58_11_845669.jpg,left_2025_06_20_07_58_11_845669.jpg,right_2025_06_20_07_58_11_845669.jpg,-0.04750999999999999,0,0,15
center_2025_06_20_07_58_12_299116.jpg,left_2025_06_20_07_58_12_299116.jpg,right_2025_06_20_07_58_12_299116.jpg,0.0,0,0,15
center_2025_06_20_07_58_12_710182.jpg,left_2025_06_20_07_58_12_710182.jpg,right_2025_06_20_07_58_12_710182.jpg,-0.028089999999999997,0,0,15
center_2025_06_20_07_58_13_266148.jpg,left_2025_06_20_07_58_13_266148.jpg,right_2025_06_20_07_58_13_266148.jpg,0.0,0,0,15
center_2025_06_20_07_58_13_686035.jpg,left_2025_06_20_07_58_13_686035.jpg,right_2025_06_20_07_58_13_686035.jpg,-0.04032000000000001,0,0,15
center_2025_06_20_07_58_14_158308.jpg,left_2025_06_20_07_58_14_158308.jpg,right_2025_06_20_07_58_14_158308.jpg,-0.06317999999999999,0,0,15
center_2025_06_20_07_58_14_588748.jpg,left_2025_06_20_07_58_14_588748.jpg,right_2025_06_20_07_58_14_588748.jpg,-0.11000000000000001,0,0,15
center_2025_06_20_07_58_15_082090.jpg,left_2025_06_20_07_58_15_082090.jpg,right_2025_06_20_07_58_15_082090.jpg,-0.04784999999999999,0,0,15
center_2025_06_20_07_58_15_623555.jpg,left_2025_06_20_07_58_15_623555.jpg,right_2025_06_20_07_58_15_623555.jpg,0.0,0,0,15
center_2025_06_20_07_58_16_069668.jpg,left_2025_06_20_07_58_16_069668.jpg,right_2025_06_20_07_58_16_069668.jpg,-0.04358,0,0,15
center_2025_06_20_07_58_16_557706.jpg,left_2025_06_20_07_58_16_557706.jpg,right_2025_06_20_07_58_16_557706.jpg,-0.18567999999999998,0,0,15
center_2025_06_20_07_58_17_014080.jpg,left_2025_06_20_07_58_17_014080.jpg,right_2025_06_20_07_58_17_014080.jpg,0.0,0,0,15
center_2025_06_20_07_58_17_578513.jpg,left_2025_06_20_07_58_17_578513.jpg,right_2025_06_20_07_58_17_578513.jpg,-0.03913,0,0,15
center_2025_06_20_07_58_18_101960.jpg,left_2025_06_20_07_58_18_101960.jpg,right_2025_06_20_07_58_18_101960.jpg,0.0,0,0,15
center_2025_06_20_07_58_18_661352.jpg,left_2025_06_20_07_58_18_661352.jpg,right_2025_06_20_07_58_18_661352.jpg,0.0,0,0,15
center_2025_06_20_07_58_19_150183.jpg,left_2025_06_20_07_58_19_150183.jpg,right_2025_06_20_07_58_19_150183.jpg,0.0,0,0,15
center_2025_06_20_07_58_19_766980.jpg,left_2025_06_20_07_58_19_766980.jpg,right_2025_06_20_07_58_19_766980.jpg,0.0,0,0,15
center_2025_06_20_07_58_20_268708.jpg,left_2025_06_20_07_58_20_268708.jpg,right_2025_06_20_07_58_20_268708.jpg,0.0,0,0,15
center_2025_06_20_07_58_20_758651.jpg,left_2025_06_20_07_58_20_758651.jpg,right_2025_06_20_07_58_20_758651.jpg,0.0,0,0,15
center_2025_06_20_07_58_21_232484.jpg,left_2025_06_20_07_58_21_232484.jpg,right_2025_06_20_07_58_21_232484.jpg,0.0,0,0,15
center_2025_06_20_07_58_21_787617.jpg,left_2025_06_20_07_58_21_787617.jpg,right_2025_06_20_07_58_21_787617.jpg,0.0,0,0,15
center_2025_06_20_07_58_22_262717.jpg,left_2025_06_20_07_58_22_262717.jpg,right_2025_06_20_07_58_22_262717.jpg,0.0,0,0,15
center_2025_06_20_07_58_22_721109.jpg,left_2025_06_20_07_58_22_721109.jpg,right_2025_06_20_07_58_22_721109.jpg,0.0,0,0,15
center_2025_06_20_07_58_23_225702.jpg,left_2025_06_20_07_58_23_225702.jpg,right_2025_06_20_07_58_23_225702.jpg,0.0,0,0,15
center_2025_06_20_07_58_23_824809.jpg,left_2025_06_20_07_58_23_824809.jpg,right_2025_06_20_07_58_23_824809.jpg,0.0,0,0,15
center_2025_06_20_07_58_24_282811.jpg,left_2025_06_20_07_58_24_282811.jpg,right_2025_06_20_07_58_24_282811.jpg,0.0,0,0,15
center_2025_06_20_07_58_24_772509.jpg,left_2025_06_20_07_58_24_772509.jpg,right_2025_06_20_07_58_24_772509.jpg,0.0,0,0,15
center_2025_06_20_07_58_25_230886.jpg,left_2025_06_20_07_58_25_230886.jpg,right_2025_06_20_07_58_25_230886.jpg,0.0,0,0,15
center_2025_06_20_07_58_25_792377.jpg,left_2025_06_20_07_58_25_792377.jpg,right_2025_06_20_07_58_25_792377.jpg,0.0,0,0,15
center_2025_06_20_07_58_26_275829.jpg,left_2025_06_20_07_58_26_275829.jpg,right_2025_06_20_07_58_26_275829.jpg,0.0,0,0,15
center_2025_06_20_07_58_26_724859.jpg,left_2025_06_20_07_58_26_724859.jpg,right_2025_06_20_07_58_26_724859.jpg,0.0,0,0,15
center_2025_06_20_07_58_27_215030.jpg,left_2025_06_20_07_58_27_215030.jpg,right_2025_06_20_07_58_27_215030.jpg,0.0,0,0,15
center_2025_06_20_07_58_27_765777.jpg,left_2025_06_20_07_58_27_765777.jpg,right_2025_06_20_07_58_27_765777.jpg,0.0,0,0,15
center_2025_06_20_07_58_28_244670.jpg,left_2025_06_20_07_58_28_244670.jpg,right_2025_06_20_07_58_28_244670.jpg,0.0,0,0,15
center_2025_06_20_07_58_28_720120.jpg,left_2025_06_20_07_58_28_720120.jpg,right_2025_06_20_07_58_28_720120.jpg,0.0,0,0,15
center_2025_06_20_07_58_29_148480.jpg,left_2025_06_20_07_58_29_148480.jpg,right_2025_06_20_07_58_29_148480.jpg,0.0,0,0,15
center_2025_06_20_07_58_29_606758.jpg,left_2025_06_20_07_58_29_606758.jpg,right_2025_06_20_07_58_29_606758.jpg,0.0,0,0,15
center_2025_06_20_07_58_30_081823.jpg,left_2025_06_20_07_58_30_081823.jpg,right_2025_06_20_07_58_30_081823.jpg,0.0,0,0,15
center_2025_06_20_07_58_30_559177.jpg,left_2025_06_20_07_58_30_559177.jpg,right_2025_06_20_07_58_30_559177.jpg,0.0,0,0,15
center_2025_06_20_07_58_30_987160.jpg,left_2025_06_20_07_58_30_987160.jpg,right_2025_06_20_07_58_30_987160.jpg,0.0,0,0,15
center_2025_06_20_07_58_31_442244.jpg,left_2025_06_20_07_58_31_442244.jpg,right_2025_06_20_07_58_31_442244.jpg,0.0,0,0,15
center_2025_06_20_07_58_31_963435.jpg,left_2025_06_20_07_58_31_963435.jpg,right_2025_06_20_07_58_31_963435.jpg,0.0,0,0,15
center_2025_06_20_07_58_32_448838.jpg,left_2025_06_20_07_58_32_448838.jpg,right_2025_06_20_07_58_32_448838.jpg,0.0,0,0,15
center_2025_06_20_07_58_32_893577.jpg,left_2025_06_20_07_58_32_893577.jpg,right_2025_06_20_07_58_32_893577.jpg,0.0,0,0,15
center_2025_06_20_07_58_33_309461.jpg,left_2025_06_20_07_58_33_309461.jpg,right_2025_06_20_07_58_33_309461.jpg,0.0,0,0,15
center_2025_06_20_07_58_33_722170.jpg,left_2025_06_20_07_58_33_722170.jpg,right_2025_06_20_07_58_33_722170.jpg,0.0,0,0,15
center_2025_06_20_07_58_34_256614.jpg,left_2025_06_20_07_58_34_256614.jpg,right_2025_06_20_07_58_34_256614.jpg,0.0,0,0,15
center_2025_06_20_07_58_34_712743.jpg,left_2025_06_20_07_58_34_712743.jpg,right_2025_06_20_07_58_34_712743.jpg,0.0,0,0,15
center_2025_06_20_07_58_35_125524.jpg,left_2025_06_20_07_58_35_125524.jpg,right_2025_06_20_07_58_35_125524.jpg,-0.034999999999999996,0,0,15
center_2025_06_20_07_58_35_540680.jpg,left_2025_06_20_07_58_35_540680.jpg,right_2025_06_20_07_58_35_540680.jpg,-0.09557,0,0,15
center_2025_06_20_07_58_36_017938.jpg,left_2025_06_20_07_58_36_017938.jpg,right_2025_06_20_07_58_36_017938.jpg,-0.058849999999999986,0,0,15
center_2025_06_20_07_58_36_547537.jpg,left_2025_06_20_07_58_36_547537.jpg,right_2025_06_20_07_58_36_547537.jpg,-0.105,0,0,15
center_2025_06_20_07_58_36_975591.jpg,left_2025_06_20_07_58_36_975591.jpg,right_2025_06_20_07_58_36_975591.jpg,-0.08464,0,0,15
center_2025_06_20_07_58_37_441150.jpg,left_2025_06_20_07_58_37_441150.jpg,right_2025_06_20_07_58_37_441150.jpg,0.24375000000000002,0,0,15
center_2025_06_20_07_58_37_912803.jpg,left_2025_06_20_07_58_37_912803.jpg,right_2025_06_20_07_58_37_912803.jpg,-0.08181000000000001,0,0,15
center_2025_06_20_07_58_38_469800.jpg,left_2025_06_20_07_58_38_469800.jpg,right_2025_06_20_07_58_38_469800.jpg,0.0,0,0,15
center_2025_06_20_07_58_38_937045.jpg,left_2025_06_20_07_58_38_937045.jpg,right_2025_06_20_07_58_38_937045.jpg,-0.09016000000000002,0,0,15
center_2025_06_20_07_58_39_347181.jpg,left_2025_06_20_07_58_39_347181.jpg,right_2025_06_20_07_58_39_347181.jpg,0.0,0,0,15
center_2025_06_20_07_58_39_776565.jpg,left_2025_06_20_07_58_39_776565.jpg,right_2025_06_20_07_58_39_776565.jpg,-0.06418,0,0,15
center_2025_06_20_07_58_40_252446.jpg,left_2025_06_20_07_58_40_252446.jpg,right_2025_06_20_07_58_40_252446.jpg,0.0,0,0,15
center_2025_06_20_07_58_40_743963.jpg,left_2025_06_20_07_58_40_743963.jpg,right_2025_06_20_07_58_40_743963.jpg,-0.07497999999999999,0,0,15
center_2025_06_20_07_58_41_263710.jpg,left_2025_06_20_07_58_41_263710.jpg,right_2025_06_20_07_58_41_263710.jpg,0.0,0,0,15
center_2025_06_20_07_58_41_784712.jpg,left_2025_06_20_07_58_41_784712.jpg,right_2025_06_20_07_58_41_784712.jpg,-0.07271999999999998,0,0,15
center_2025_06_20_07_58_42_297780.jpg,left_2025_06_20_07_58_42_297780.jpg,right_2025_06_20_07_58_42_297780.jpg,0.0,0,0,15
center_2025_06_20_07_58_42_815739.jpg,left_2025_06_20_07_58_42_815739.jpg,right_2025_06_20_07_58_42_815739.jpg,-0.10622999999999999,0,0,15
center_2025_06_20_07_58_43_546745.jpg,left_2025_06_20_07_58_43_546745.jpg,right_2025_06_20_07_58_43_546745.jpg,-0.06100999999999999,0,0,15
center_2025_06_20_07_58_44_094821.jpg,left_2025_06_20_07_58_44_094821.jpg,right_2025_06_20_07_58_44_094821.jpg,-0.059320000000000005,0,0,15
center_2025_06_20_07_58_44_598769.jpg,left_2025_06_20_07_58_44_598769.jpg,right_2025_06_20_07_58_44_598769.jpg,0.0,0,0,15
center_2025_06_20_07_58_45_111566.jpg,left_2025_06_20_07_58_45_111566.jpg,right_2025_06_20_07_58_45_111566.jpg,0.0,0,0,15
center_2025_06_20_07_58_45_682709.jpg,left_2025_06_20_07_58_45_682709.jpg,right_2025_06_20_07_58_45_682709.jpg,0.0,0,0,15
center_2025_06_20_07_58_46_261591.jpg,left_2025_06_20_07_58_46_261591.jpg,right_2025_06_20_07_58_46_261591.jpg,0.0,0,0,15
center_2025_06_20_07_58_46_722828.jpg,left_2025_06_20_07_58_46_722828.jpg,right_2025_06_20_07_58_46_722828.jpg,0.0,0,0,15
center_2025_06_20_07_58_47_215940.jpg,left_2025_06_20_07_58_47_215940.jpg,right_2025_06_20_07_58_47_215940.jpg,0.0,0,0,15
center_2025_06_20_07_58_56_659035.jpg,left_2025_06_20_07_58_56_659035.jpg,right_2025_06_20_07_58_56_659035.jpg,-0.05033,0,0,15
center_2025_06_20_07_58_57_167532.jpg,left_2025_06_20_07_58_57_167532.jpg,right_2025_06_20_07_58_57_167532.jpg,-0.052959999999999986,0,0,15
center_2025_06_20_07_58_57_584393.jpg,left_2025_06_20_07_58_57_584393.jpg,right_2025_06_20_07_58_57_584393.jpg,-0.03934,0,0,15
center_2025_06_20_07_58_58_051229.jpg,left_2025_06_20_07_58_58_051229.jpg,right_2025_06_20_07_58_58_051229.jpg,0.0,0,0,15
center_2025_06_20_07_58_58_472930.jpg,left_2025_06_20_07_58_58_472930.jpg,right_2025_06_20_07_58_58_472930.jpg,0.0,0,0,15
center_2025_06_20_07_58_58_936012.jpg,left_2025_06_20_07_58_58_936012.jpg,right_2025_06_20_07_58_58_936012.jpg,0.0,0,0,15
center_2025_06_20_07_58_59_389738.jpg,left_2025_06_20_07_58_59_389738.jpg,right_2025_06_20_07_58_59_389738.jpg,0.0,0,0,15
center_2025_06_20_07_58_59_887478.jpg,left_2025_06_20_07_58_59_887478.jpg,right_2025_06_20_07_58_59_887478.jpg,0.0,0,0,15
center_2025_06_20_07_59_00_340492.jpg,left_2025_06_20_07_59_00_340492.jpg,right_2025_06_20_07_59_00_340492.jpg,0.07899,0,0,15
center_2025_06_20_07_59_00_802822.jpg,left_2025_06_20_07_59_00_802822.jpg,right_2025_06_20_07_59_00_802822.jpg,0.06728,0,0,15
center_2025_06_20_07_59_01_290057.jpg,left_2025_06_20_07_59_01_290057.jpg,right_2025_06_20_07_59_01_290057.jpg,0.08796000000000001,0,0,15
center_2025_06_20_07_59_01_871981.jpg,left_2025_06_20_07_59_01_871981.jpg,right_2025_06_20_07_59_01_871981.jpg,0.08301,0,0,15
center_2025_06_20_07_59_02_303646.jpg,left_2025_06_20_07_59_02_303646.jpg,right_2025_06_20_07_59_02_303646.jpg,0.08863,0,0,15
center_2025_06_20_07_59_02_689742.jpg,left_2025_06_20_07_59_02_689742.jpg,right_2025_06_20_07_59_02_689742.jpg,0.08105999999999998,0,0,15
center_2025_06_20_07_59_03_068083.jpg,left_2025_06_20_07_59_03_068083.jpg,right_2025_06_20_07_59_03_068083.jpg,0.08135999999999999,0,0,15
center_2025_06_20_07_59_03_501498.jpg,left_2025_06_20_07_59_03_501498.jpg,right_2025_06_20_07_59_03_501498.jpg,0.09818999999999997,0,0,15
center_2025_06_20_07_59_04_031719.jpg,left_2025_06_20_07_59_04_031719.jpg,right_2025_06_20_07_59_04_031719.jpg,0.10904,0,0,15
center_2025_06_20_07_59_04_489886.jpg,left_2025_06_20_07_59_04_489886.jpg,right_2025_06_20_07_59_04_489886.jpg,0.09376000000000001,0,0,15
center_2025_06_20_07_59_04_908484.jpg,left_2025_06_20_07_59_04_908484.jpg,right_2025_06_20_07_59_04_908484.jpg,0.04068999999999999,0,0,15
center_2025_06_20_07_59_05_339176.jpg,left_2025_06_20_07_59_05_339176.jpg,right_2025_06_20_07_59_05_339176.jpg,0.0,0,0,15
center_2025_06_20_07_59_05_741135.jpg,left_2025_06_20_07_59_05_741135.jpg,right_2025_06_20_07_59_05_741135.jpg,-0.0562,0,0,15
center_2025_06_20_07_59_06_248564.jpg,left_2025_06_20_07_59_06_248564.jpg,right_2025_06_20_07_59_06_248564.jpg,-0.08477999999999997,0,0,15
center_2025_06_20_07_59_06_708706.jpg,left_2025_06_20_07_59_06_708706.jpg,right_2025_06_20_07_59_06_708706.jpg,-0.07199,0,0,15
center_2025_06_20_07_59_07_146226.jpg,left_2025_06_20_07_59_07_146226.jpg,right_2025_06_20_07_59_07_146226.jpg,-0.33682,0,0,15
center_2025_06_20_07_59_07_548672.jpg,left_2025_06_20_07_59_07_548672.jpg,right_2025_06_20_07_59_07_548672.jpg,-0.07658,0,0,15
center_2025_06_20_07_59_07_951607.jpg,left_2025_06_20_07_59_07_951607.jpg,right_2025_06_20_07_59_07_951607.jpg,0.0,0,0,15
center_2025_06_20_07_59_08_340706.jpg,left_2025_06_20_07_59_08_340706.jpg,right_2025_06_20_07_59_08_340706.jpg,-0.08398,0,0,15
center_2025_06_20_07_59_08_773374.jpg,left_2025_06_20_07_59_08_773374.jpg,right_2025_06_20_07_59_08_773374.jpg,0.0,0,0,15
center_2025_06_20_07_59_09_331001.jpg,left_2025_06_20_07_59_09_331001.jpg,right_2025_06_20_07_59_09_331001.jpg,-0.09116999999999999,0,0,15
center_2025_06_20_07_59_09_865430.jpg,left_2025_06_20_07_59_09_865430.jpg,right_2025_06_20_07_59_09_865430.jpg,0.0,0,0,15
center_2025_06_20_07_59_10_240851.jpg,left_2025_06_20_07_59_10_240851.jpg,right_2025_06_20_07_59_10_240851.jpg,-0.08845000000000003,0,0,15
center_2025_06_20_07_59_10_618089.jpg,left_2025_06_20_07_59_10_618089.jpg,right_2025_06_20_07_59_10_618089.jpg,0.0,0,0,15
center_2025_06_20_07_59_11_000313.jpg,left_2025_06_20_07_59_11_000313.jpg,right_2025_06_20_07_59_11_000313.jpg,-0.10341000000000003,0,0,15
center_2025_06_20_07_59_11_412071.jpg,left_2025_06_20_07_59_11_412071.jpg,right_2025_06_20_07_59_11_412071.jpg,0.0,0,0,15
center_2025_06_20_07_59_11_918693.jpg,left_2025_06_20_07_59_11_918693.jpg,right_2025_06_20_07_59_11_918693.jpg,0.0,0,0,15
center_2025_06_20_07_59_12_330199.jpg,left_2025_06_20_07_59_12_330199.jpg,right_2025_06_20_07_59_12_330199.jpg,-0.08491999999999998,0,0,15
center_2025_06_20_07_59_12_740689.jpg,left_2025_06_20_07_59_12_740689.jpg,right_2025_06_20_07_59_12_740689.jpg,0.0,0,0,15
center_2025_06_20_07_59_13_175998.jpg,left_2025_06_20_07_59_13_175998.jpg,right_2025_06_20_07_59_13_175998.jpg,-0.07867999999999997,0,0,15
center_2025_06_20_07_59_13_574410.jpg,left_2025_06_20_07_59_13_574410.jpg,right_2025_06_20_07_59_13_574410.jpg,0.0,0,0,15
center_2025_06_20_07_59_14_119612.jpg,left_2025_06_20_07_59_14_119612.jpg,right_2025_06_20_07_59_14_119612.jpg,-0.09416,0,0,15
center_2025_06_20_07_59_14_612731.jpg,left_2025_06_20_07_59_14_612731.jpg,right_2025_06_20_07_59_14_612731.jpg,-0.058759999999999986,0,0,15
center_2025_06_20_07_59_15_038759.jpg,left_2025_06_20_07_59_15_038759.jpg,right_2025_06_20_07_59_15_038759.jpg,-0.09136000000000002,0,0,15
center_2025_06_20_07_59_15_441547.jpg,left_2025_06_20_07_59_15_441547.jpg,right_2025_06_20_07_59_15_441547.jpg,-0.07217,0,0,15
center_2025_06_20_07_59_15_856753.jpg,left_2025_06_20_07_59_15_856753.jpg,right_2025_06_20_07_59_15_856753.jpg,-0.10259999999999997,0,0,15
center_2025_06_20_07_59_16_370898.jpg,left_2025_06_20_07_59_16_370898.jpg,right_2025_06_20_07_59_16_370898.jpg,-0.08143999999999998,0,0,15
center_2025_06_20_07_59_16_867805.jpg,left_2025_06_20_07_59_16_867805.jpg,right_2025_06_20_07_59_16_867805.jpg,-0.09285999999999997,0,0,15
center_2025_06_20_07_59_17_333577.jpg,left_2025_06_20_07_59_17_333577.jpg,right_2025_06_20_07_59_17_333577.jpg,-0.06531999999999999,0,0,15
center_2025_06_20_07_59_17_819155.jpg,left_2025_06_20_07_59_17_819155.jpg,right_2025_06_20_07_59_17_819155.jpg,-0.10557999999999997,0,0,15
center_2025_06_20_07_59_18_293458.jpg,left_2025_06_20_07_59_18_293458.jpg,right_2025_06_20_07_59_18_293458.jpg,-0.07875,0,0,15
center_2025_06_20_07_59_18_869194.jpg,left_2025_06_20_07_59_18_869194.jpg,right_2025_06_20_07_59_18_869194.jpg,-0.14543999999999996,0,0,15
center_2025_06_20_07_59_19_412162.jpg,left_2025_06_20_07_59_19_412162.jpg,right_2025_06_20_07_59_19_412162.jpg,-0.08195,0,0,15
center_2025_06_20_07_59_19_955223.jpg,left_2025_06_20_07_59_19_955223.jpg,right_2025_06_20_07_59_19_955223.jpg,-0.06856,0,0,15
center_2025_06_20_07_59_20_549329.jpg,left_2025_06_20_07_59_20_549329.jpg,right_2025_06_20_07_59_20_549329.jpg,-0.07248000000000002,0,0,15
center_2025_06_20_07_59_21_145495.jpg,left_2025_06_20_07_59_21_145495.jpg,right_2025_06_20_07_59_21_145495.jpg,-0.034999999999999996,0,0,15
center_2025_06_20_07_59_21_706417.jpg,left_2025_06_20_07_59_21_706417.jpg,right_2025_06_20_07_59_21_706417.jpg,0.0,0,0,15
center_2025_06_20_07_59_22_267773.jpg,left_2025_06_20_07_59_22_267773.jpg,right_2025_06_20_07_59_22_267773.jpg,0.0,0,0,15
center_2025_06_20_07_59_22_883770.jpg,left_2025_06_20_07_59_22_883770.jpg,right_2025_06_20_07_59_22_883770.jpg,0.07500000000000001,0,0,15
center_2025_06_20_07_59_23_423466.jpg,left_2025_06_20_07_59_23_423466.jpg,right_2025_06_20_07_59_23_423466.jpg,0.0,0,0,15
center_2025_06_20_07_59_24_005166.jpg,left_2025_06_20_07_59_24_005166.jpg,right_2025_06_20_07_59_24_005166.jpg,0.0,0,0,15
center_2025_06_20_07_59_24_631818.jpg,left_2025_06_20_07_59_24_631818.jpg,right_2025_06_20_07_59_24_631818.jpg,-0.11682000000000001,0,0,15
center_2025_06_20_07_59_25_176279.jpg,left_2025_06_20_07_59_25_176279.jpg,right_2025_06_20_07_59_25_176279.jpg,0.0,0,0,15
center_2025_06_20_07_59_25_717586.jpg,left_2025_06_20_07_59_25_717586.jpg,right_2025_06_20_07_59_25_717586.jpg,0.0,0,0,15
center_2025_06_20_07_59_26_296981.jpg,left_2025_06_20_07_59_26_296981.jpg,right_2025_06_20_07_59_26_296981.jpg,0.0,0,0,15
center_2025_06_20_07_59_26_856921.jpg,left_2025_06_20_07_59_26_856921.jpg,right_2025_06_20_07_59_26_856921.jpg,0.0,0,0,15
center_2025_06_20_07_59_27_412411.jpg,left_2025_06_20_07_59_27_412411.jpg,right_2025_06_20_07_59_27_412411.jpg,0.0,0,0,15
center_2025_06_20_07_59_28_045922.jpg,left_2025_06_20_07_59_28_045922.jpg,right_2025_06_20_07_59_28_045922.jpg,0.0,0,0,15
center_2025_06_20_07_59_28_577159.jpg,left_2025_06_20_07_59_28_577159.jpg,right_2025_06_20_07_59_28_577159.jpg,0.0,0,0,15
center_2025_06_20_07_59_29_122021.jpg,left_2025_06_20_07_59_29_122021.jpg,right_2025_06_20_07_59_29_122021.jpg,0.0,0,0,15
center_2025_06_20_07_59_29_666570.jpg,left_2025_06_20_07_59_29_666570.jpg,right_2025_06_20_07_59_29_666570.jpg,0.0,0,0,15
center_2025_06_20_07_59_30_327731.jpg,left_2025_06_20_07_59_30_327731.jpg,right_2025_06_20_07_59_30_327731.jpg,0.0,0,0,15
center_2025_06_20_07_59_30_883615.jpg,left_2025_06_20_07_59_30_883615.jpg,right_2025_06_20_07_59_30_883615.jpg,0.0,0,0,15
center_2025_06_20_07_59_31_419727.jpg,left_2025_06_20_07_59_31_419727.jpg,right_2025_06_20_07_59_31_419727.jpg,0.0,0,0,15
center_2025_06_20_07_59_31_894811.jpg,left_2025_06_20_07_59_31_894811.jpg,right_2025_06_20_07_59_31_894811.jpg,0.0,0,0,15
center_2025_06_20_07_59_32_463133.jpg,left_2025_06_20_07_59_32_463133.jpg,right_2025_06_20_07_59_32_463133.jpg,0.0,0,0,15
center_2025_06_20_07_59_32_987020.jpg,left_2025_06_20_07_59_32_987020.jpg,right_2025_06_20_07_59_32_987020.jpg,0.0,0,0,15
center_2025_06_20_07_59_33_506933.jpg,left_2025_06_20_07_59_33_506933.jpg,right_2025_06_20_07_59_33_506933.jpg,-0.04811999999999999,0,0,15
center_2025_06_20_07_59_34_081093.jpg,left_2025_06_20_07_59_34_081093.jpg,right_2025_06_20_07_59_34_081093.jpg,0.0,0,0,15
center_2025_06_20_07_59_34_558781.jpg,left_2025_06_20_07_59_34_558781.jpg,right_2025_06_20_07_59_34_558781.jpg,0.0,0,0,15
center_2025_06_20_07_59_35_060612.jpg,left_2025_06_20_07_59_35_060612.jpg,right_2025_06_20_07_59_35_060612.jpg,0.0,0,0,15
center_2025_06_20_07_59_35_540735.jpg,left_2025_06_20_07_59_35_540735.jpg,right_2025_06_20_07_59_35_540735.jpg,0.1122,0,0,15
center_2025_06_20_07_59_36_092806.jpg,left_2025_06_20_07_59_36_092806.jpg,right_2025_06_20_07_59_36_092806.jpg,0.0,0,0,15
center_2025_06_20_07_59_36_600763.jpg,left_2025_06_20_07_59_36_600763.jpg,right_2025_06_20_07_59_36_600763.jpg,0.0,0,0,15
center_2025_06_20_07_59_37_105899.jpg,left_2025_06_20_07_59_37_105899.jpg,right_2025_06_20_07_59_37_105899.jpg,0.0,0,0,15
center_2025_06_20_07_59_37_563345.jpg,left_2025_06_20_07_59_37_563345.jpg,right_2025_06_20_07_59_37_563345.jpg,-0.07500000000000001,0,0,15
center_2025_06_20_07_59_38_119629.jpg,left_2025_06_20_07_59_38_119629.jpg,right_2025_06_20_07_59_38_119629.jpg,0.0,0,0,15
center_2025_06_20_07_59_38_674279.jpg,left_2025_06_20_07_59_38_674279.jpg,right_2025_06_20_07_59_38_674279.jpg,0.0,0,0,15
center_2025_06_20_07_59_39_124226.jpg,left_2025_06_20_07_59_39_124226.jpg,right_2025_06_20_07_59_39_124226.jpg,-0.05131000000000001,0,0,15
center_2025_06_20_07_59_39_657233.jpg,left_2025_06_20_07_59_39_657233.jpg,right_2025_06_20_07_59_39_657233.jpg,0.0,0,0,15
center_2025_06_20_07_59_40_173253.jpg,left_2025_06_20_07_59_40_173253.jpg,right_2025_06_20_07_59_40_173253.jpg,-0.08281999999999996,0,0,15
center_2025_06_20_07_59_40_641427.jpg,left_2025_06_20_07_59_40_641427.jpg,right_2025_06_20_07_59_40_641427.jpg,0.14535,0,0,15
center_2025_06_20_07_59_41_150206.jpg,left_2025_06_20_07_59_41_150206.jpg,right_2025_06_20_07_59_41_150206.jpg,-0.08263999999999998,0,0,15
center_2025_06_20_07_59_41_702472.jpg,left_2025_06_20_07_59_41_702472.jpg,right_2025_06_20_07_59_41_702472.jpg,-0.044669999999999994,0,0,15
center_2025_06_20_07_59_42_235140.jpg,left_2025_06_20_07_59_42_235140.jpg,right_2025_06_20_07_59_42_235140.jpg,-0.097,0,0,15
center_2025_06_20_07_59_42_761756.jpg,left_2025_06_20_07_59_42_761756.jpg,right_2025_06_20_07_59_42_761756.jpg,0.14295,0,0,15
center_2025_06_20_07_59_43_267808.jpg,left_2025_06_20_07_59_43_267808.jpg,right_2025_06_20_07_59_43_267808.jpg,-0.08796000000000001,0,0,15
center_2025_06_20_07_59_43_802251.jpg,left_2025_06_20_07_59_43_802251.jpg,right_2025_06_20_07_59_43_802251.jpg,-0.08964,0,0,15
center_2025_06_20_07_59_44_417716.jpg,left_2025_06_20_07_59_44_417716.jpg,right_2025_06_20_07_59_44_417716.jpg,-0.11615000000000002,0,0,15
center_2025_06_20_07_59_44_924901.jpg,left_2025_06_20_07_59_44_924901.jpg,right_2025_06_20_07_59_44_924901.jpg,-0.09226999999999999,0,0,15
center_2025_06_20_07_59_45_476323.jpg,left_2025_06_20_07_59_45_476323.jpg,right_2025_06_20_07_59_45_476323.jpg,-0.07726000000000004,0,0,15
center_2025_06_20_07_59_46_054619.jpg,left_2025_06_20_07_59_46_054619.jpg,right_2025_06_20_07_59_46_054619.jpg,-0.07734,0,0,15
center_2025_06_20_07_59_46_597867.jpg,left_2025_06_20_07_59_46_597867.jpg,right_2025_06_20_07_59_46_597867.jpg,-0.07750000000000003,0,0,15
center_2025_06_20_07_59_47_116610.jpg,left_2025_06_20_07_59_47_116610.jpg,right_2025_06_20_07_59_47_116610.jpg,-0.07837999999999999,0,0,15
center_2025_06_20_07_59_47_609650.jpg,left_2025_06_20_07_59_47_609650.jpg,right_2025_06_20_07_59_47_609650.jpg,-0.07033999999999999,0,0,15
center_2025_06_20_07_59_48_217471.jpg,left_2025_06_20_07_59_48_217471.jpg,right_2025_06_20_07_59_48_217471.jpg,0.0,0,0,15
center_2025_06_20_07_59_48_786571.jpg,left_2025_06_20_07_59_48_786571.jpg,right_2025_06_20_07_59_48_786571.jpg,0.0,0,0,15
center_2025_06_20_07_59_49_315484.jpg,left_2025_06_20_07_59_49_315484.jpg,right_2025_06_20_07_59_49_315484.jpg,0.0,0,0,15
center_2025_06_20_07_59_49_854840.jpg,left_2025_06_20_07_59_49_854840.jpg,right_2025_06_20_07_59_49_854840.jpg,0.0,0,0,15
center_2025_06_20_07_59_50_416566.jpg,left_2025_06_20_07_59_50_416566.jpg,right_2025_06_20_07_59_50_416566.jpg,0.0,0,0,15
center_2025_06_20_07_59_50_910499.jpg,left_2025_06_20_07_59_50_910499.jpg,right_2025_06_20_07_59_50_910499.jpg,0.0,0,0,15
center_2025_06_20_07_59_51_522102.jpg,left_2025_06_20_07_59_51_522102.jpg,right_2025_06_20_07_59_51_522102.jpg,0.15539999999999998,0,0,15
center_2025_06_20_07_59_52_017141.jpg,left_2025_06_20_07_59_52_017141.jpg,right_2025_06_20_07_59_52_017141.jpg,-0.22000000000000003,0,0,15
center_2025_06_20_07_59_52_474045.jpg,left_2025_06_20_07_59_52_474045.jpg,right_2025_06_20_07_59_52_474045.jpg,0.11909999999999998,0,0,15
center_2025_06_20_07_59_52_970006.jpg,left_2025_06_20_07_59_52_970006.jpg,right_2025_06_20_07_59_52_970006.jpg,0.0,0,0,15
center_2025_06_20_07_59_53_388720.jpg,left_2025_06_20_07_59_53_388720.jpg,right_2025_06_20_07_59_53_388720.jpg,0.0,0,0,15
center_2025_06_20_07_59_53_871969.jpg,left_2025_06_20_07_59_53_871969.jpg,right_2025_06_20_07_59_53_871969.jpg,0.09525,0,0,15
center_2025_06_20_07_59_54_376146.jpg,left_2025_06_20_07_59_54_376146.jpg,right_2025_06_20_07_59_54_376146.jpg,0.0,0,0,15
center_2025_06_20_07_59_54_882887.jpg,left_2025_06_20_07_59_54_882887.jpg,right_2025_06_20_07_59_54_882887.jpg,0.0,0,0,15
center_2025_06_20_07_59_55_313618.jpg,left_2025_06_20_07_59_55_313618.jpg,right_2025_06_20_07_59_55_313618.jpg,0.0,0,0,15
center_2025_06_20_07_59_58_772432.jpg,left_2025_06_20_07_59_58_772432.jpg,right_2025_06_20_07_59_58_772432.jpg,0.0,0,0,15
center_2025_06_20_07_59_59_933001.jpg,left_2025_06_20_07_59_59_933001.jpg,right_2025_06_20_07_59_59_933001.jpg,-0.02945999999999999,0,0,15
center_2025_06_20_08_00_01_114744.jpg,left_2025_06_20_08_00_01_114744.jpg,right_2025_06_20_08_00_01_114744.jpg,0.0,0,0,15
center_2025_06_20_08_00_01_898920.jpg,left_2025_06_20_08_00_01_898920.jpg,right_2025_06_20_08_00_01_898920.jpg,-0.0726,0,0,15
center_2025_06_20_08_00_02_422503.jpg,left_2025_06_20_08_00_02_422503.jpg,right_2025_06_20_08_00_02_422503.jpg,0.0,0,0,15
center_2025_06_20_08_00_02_890467.jpg,left_2025_06_20_08_00_02_890467.jpg,right_2025_06_20_08_00_02_890467.jpg,-0.0761,0,0,15
center_2025_06_20_08_00_03_328330.jpg,left_2025_06_20_08_00_03_328330.jpg,right_2025_06_20_08_00_03_328330.jpg,0.0,0,0,15
center_2025_06_20_08_00_03_815919.jpg,left_2025_06_20_08_00_03_815919.jpg,right_2025_06_20_08_00_03_815919.jpg,-0.08285000000000001,0,0,15
center_2025_06_20_08_00_04_353528.jpg,left_2025_06_20_08_00_04_353528.jpg,right_2025_06_20_08_00_04_353528.jpg,0.0,0,0,15
center_2025_06_20_08_00_04_862560.jpg,left_2025_06_20_08_00_04_862560.jpg,right_2025_06_20_08_00_04_862560.jpg,-0.09307,0,0,15
center_2025_06_20_08_00_05_345189.jpg,left_2025_06_20_08_00_05_345189.jpg,right_2025_06_20_08_00_05_345189.jpg,-0.07248000000000002,0,0,15
center_2025_06_20_08_00_05_790280.jpg,left_2025_06_20_08_00_05_790280.jpg,right_2025_06_20_08_00_05_790280.jpg,-0.09618,0,0,15
center_2025_06_20_08_00_06_366524.jpg,left_2025_06_20_08_00_06_366524.jpg,right_2025_06_20_08_00_06_366524.jpg,-0.06888,0,0,15
center_2025_06_20_08_00_06_881481.jpg,left_2025_06_20_08_00_06_881481.jpg,right_2025_06_20_08_00_06_881481.jpg,-0.09616000000000004,0,0,15
center_2025_06_20_08_00_07_328955.jpg,left_2025_06_20_08_00_07_328955.jpg,right_2025_06_20_08_00_07_328955.jpg,-0.07111999999999999,0,0,15
center_2025_06_20_08_00_07_802951.jpg,left_2025_06_20_08_00_07_802951.jpg,right_2025_06_20_08_00_07_802951.jpg,-0.11840000000000002,0,0,15
center_2025_06_20_08_00_08_268403.jpg,left_2025_06_20_08_00_08_268403.jpg,right_2025_06_20_08_00_08_268403.jpg,-0.08137999999999998,0,0,15
center_2025_06_20_08_00_08_852880.jpg,left_2025_06_20_08_00_08_852880.jpg,right_2025_06_20_08_00_08_852880.jpg,-0.12626,0,0,15
center_2025_06_20_08_00_09_351934.jpg,left_2025_06_20_08_00_09_351934.jpg,right_2025_06_20_08_00_09_351934.jpg,-0.04498999999999999,0,0,15
center_2025_06_20_08_00_09_862332.jpg,left_2025_06_20_08_00_09_862332.jpg,right_2025_06_20_08_00_09_862332.jpg,-0.05518999999999999,0,0,15
center_2025_06_20_08_00_10_338338.jpg,left_2025_06_20_08_00_10_338338.jpg,right_2025_06_20_08_00_10_338338.jpg,0.0,0,0,15
center_2025_06_20_08_00_10_919158.jpg,left_2025_06_20_08_00_10_919158.jpg,right_2025_06_20_08_00_10_919158.jpg,0.0774,0,0,15
center_2025_06_20_08_00_11_427565.jpg,left_2025_06_20_08_00_11_427565.jpg,right_2025_06_20_08_00_11_427565.jpg,0.0,0,0,15
center_2025_06_20_08_00_11_894546.jpg,left_2025_06_20_08_00_11_894546.jpg,right_2025_06_20_08_00_11_894546.jpg,0.0,0,0,15
center_2025_06_20_08_00_12_387403.jpg,left_2025_06_20_08_00_12_387403.jpg,right_2025_06_20_08_00_12_387403.jpg,0.07965,0,0,15
center_2025_06_20_08_00_12_967221.jpg,left_2025_06_20_08_00_12_967221.jpg,right_2025_06_20_08_00_12_967221.jpg,0.0,0,0,15
center_2025_06_20_08_00_13_435534.jpg,left_2025_06_20_08_00_13_435534.jpg,right_2025_06_20_08_00_13_435534.jpg,0.0,0,0,15
center_2025_06_20_08_00_13_919328.jpg,left_2025_06_20_08_00_13_919328.jpg,right_2025_06_20_08_00_13_919328.jpg,0.0,0,0,15
center_2025_06_20_08_00_14_360123.jpg,left_2025_06_20_08_00_14_360123.jpg,right_2025_06_20_08_00_14_360123.jpg,0.0,0,0,15
center_2025_06_20_08_00_14_888783.jpg,left_2025_06_20_08_00_14_888783.jpg,right_2025_06_20_08_00_14_888783.jpg,0.0,0,0,15
center_2025_06_20_08_00_15_454573.jpg,left_2025_06_20_08_00_15_454573.jpg,right_2025_06_20_08_00_15_454573.jpg,0.0,0,0,15
center_2025_06_20_08_00_15_950831.jpg,left_2025_06_20_08_00_15_950831.jpg,right_2025_06_20_08_00_15_950831.jpg,0.0,0,0,15
center_2025_06_20_08_00_16_435395.jpg,left_2025_06_20_08_00_16_435395.jpg,right_2025_06_20_08_00_16_435395.jpg,0.0,0,0,15
center_2025_06_20_08_00_16_964154.jpg,left_2025_06_20_08_00_16_964154.jpg,right_2025_06_20_08_00_16_964154.jpg,0.0,0,0,15
center_2025_06_20_08_00_17_539201.jpg,left_2025_06_20_08_00_17_539201.jpg,right_2025_06_20_08_00_17_539201.jpg,0.0,0,0,15
center_2025_06_20_08_00_18_094351.jpg,left_2025_06_20_08_00_18_094351.jpg,right_2025_06_20_08_00_18_094351.jpg,0.0,0,0,15
center_2025_06_20_08_00_18_537585.jpg,left_2025_06_20_08_00_18_537585.jpg,right_2025_06_20_08_00_18_537585.jpg,0.0,0,0,15
center_2025_06_20_08_00_19_016482.jpg,left_2025_06_20_08_00_19_016482.jpg,right_2025_06_20_08_00_19_016482.jpg,0.0,0,0,15
center_2025_06_20_08_00_19_451796.jpg,left_2025_06_20_08_00_19_451796.jpg,right_2025_06_20_08_00_19_451796.jpg,0.0,0,0,15
center_2025_06_20_08_00_19_997714.jpg,left_2025_06_20_08_00_19_997714.jpg,right_2025_06_20_08_00_19_997714.jpg,0.0,0,0,15
center_2025_06_20_08_00_20_428557.jpg,left_2025_06_20_08_00_20_428557.jpg,right_2025_06_20_08_00_20_428557.jpg,0.0,0,0,15
center_2025_06_20_08_00_20_900486.jpg,left_2025_06_20_08_00_20_900486.jpg,right_2025_06_20_08_00_20_900486.jpg,0.0,0,0,15
center_2025_06_20_08_00_21_397832.jpg,left_2025_06_20_08_00_21_397832.jpg,right_2025_06_20_08_00_21_397832.jpg,0.0,0,0,15
center_2025_06_20_08_00_21_919650.jpg,left_2025_06_20_08_00_21_919650.jpg,right_2025_06_20_08_00_21_919650.jpg,0.0,0,0,15
center_2025_06_20_08_00_22_413137.jpg,left_2025_06_20_08_00_22_413137.jpg,right_2025_06_20_08_00_22_413137.jpg,-0.26181,0,0,15
center_2025_06_20_08_00_22_907689.jpg,left_2025_06_20_08_00_22_907689.jpg,right_2025_06_20_08_00_22_907689.jpg,0.0,0,0,15
center_2025_06_20_08_00_23_379461.jpg,left_2025_06_20_08_00_23_379461.jpg,right_2025_06_20_08_00_23_379461.jpg,0.03477000000000001,0,0,15
center_2025_06_20_08_00_23_854897.jpg,left_2025_06_20_08_00_23_854897.jpg,right_2025_06_20_08_00_23_854897.jpg,0.02523999999999999,0,0,15
center_2025_06_20_08_00_24_447709.jpg,left_2025_06_20_08_00_24_447709.jpg,right_2025_06_20_08_00_24_447709.jpg,0.0,0,0,15
center_2025_06_20_08_00_24_873402.jpg,left_2025_06_20_08_00_24_873402.jpg,right_2025_06_20_08_00_24_873402.jpg,0.03812,0,0,15
center_2025_06_20_08_00_25_354826.jpg,left_2025_06_20_08_00_25_354826.jpg,right_2025_06_20_08_00_25_354826.jpg,0.0,0,0,15
center_2025_06_20_08_00_25_784126.jpg,left_2025_06_20_08_00_25_784126.jpg,right_2025_06_20_08_00_25_784126.jpg,0.0,0,0,15
center_2025_06_20_08_00_26_292732.jpg,left_2025_06_20_08_00_26_292732.jpg,right_2025_06_20_08_00_26_292732.jpg,0.0,0,0,15
center_2025_06_20_08_00_26_737436.jpg,left_2025_06_20_08_00_26_737436.jpg,right_2025_06_20_08_00_26_737436.jpg,0.0,0,0,15
center_2025_06_20_08_00_27_267890.jpg,left_2025_06_20_08_00_27_267890.jpg,right_2025_06_20_08_00_27_267890.jpg,0.10552000000000002,0,0,15
center_2025_06_20_08_00_27_787805.jpg,left_2025_06_20_08_00_27_787805.jpg,right_2025_06_20_08_00_27_787805.jpg,0.15532999999999997,0,0,15
center_2025_06_20_08_00_28_269753.jpg,left_2025_06_20_08_00_28_269753.jpg,right_2025_06_20_08_00_28_269753.jpg,0.06373999999999999,0,0,15
center_2025_06_20_08_00_28_752661.jpg,left_2025_06_20_08_00_28_752661.jpg,right_2025_06_20_08_00_28_752661.jpg,0.0,0,0,15
center_2025_06_20_08_00_29_322787.jpg,left_2025_06_20_08_00_29_322787.jpg,right_2025_06_20_08_00_29_322787.jpg,-0.11352,0,0,15
center_2025_06_20_08_00_29_750408.jpg,left_2025_06_20_08_00_29_750408.jpg,right_2025_06_20_08_00_29_750408.jpg,0.0,0,0,15
center_2025_06_20_08_00_30_205595.jpg,left_2025_06_20_08_00_30_205595.jpg,right_2025_06_20_08_00_30_205595.jpg,-0.034999999999999996,0,0,15
center_2025_06_20_08_00_30_639460.jpg,left_2025_06_20_08_00_30_639460.jpg,right_2025_06_20_08_00_30_639460.jpg,0.0,0,0,15
center_2025_06_20_08_00_31_097379.jpg,left_2025_06_20_08_00_31_097379.jpg,right_2025_06_20_08_00_31_097379.jpg,0.0,0,0,15
center_2025_06_20_08_00_31_589181.jpg,left_2025_06_20_08_00_31_589181.jpg,right_2025_06_20_08_00_31_589181.jpg,0.0,0,0,15
center_2025_06_20_08_00_32_122510.jpg,left_2025_06_20_08_00_32_122510.jpg,right_2025_06_20_08_00_32_122510.jpg,0.0,0,0,15
center_2025_06_20_08_00_32_542820.jpg,left_2025_06_20_08_00_32_542820.jpg,right_2025_06_20_08_00_32_542820.jpg,0.0,0,0,15
center_2025_06_20_08_00_33_001317.jpg,left_2025_06_20_08_00_33_001317.jpg,right_2025_06_20_08_00_33_001317.jpg,0.0,0,0,15
center_2025_06_20_08_00_33_434426.jpg,left_2025_06_20_08_00_33_434426.jpg,right_2025_06_20_08_00_33_434426.jpg,0.0,0,0,15
center_2025_06_20_08_00_33_867467.jpg,left_2025_06_20_08_00_33_867467.jpg,right_2025_06_20_08_00_33_867467.jpg,0.0,0,0,15
center_2025_06_20_08_00_34_362005.jpg,left_2025_06_20_08_00_34_362005.jpg,right_2025_06_20_08_00_34_362005.jpg,-0.06277999999999997,0,0,15
center_2025_06_20_08_00_34_799853.jpg,left_2025_06_20_08_00_34_799853.jpg,right_2025_06_20_08_00_34_799853.jpg,0.0,0,0,15
center_2025_06_20_08_00_35_221788.jpg,left_2025_06_20_08_00_35_221788.jpg,right_2025_06_20_08_00_35_221788.jpg,-0.10102999999999998,0,0,15
center_2025_06_20_08_00_35_670574.jpg,left_2025_06_20_08_00_35_670574.jpg,right_2025_06_20_08_00_35_670574.jpg,0.0,0,0,15
center_2025_06_20_08_00_36_091223.jpg,left_2025_06_20_08_00_36_091223.jpg,right_2025_06_20_08_00_36_091223.jpg,-0.08925999999999998,0,0,15
center_2025_06_20_08_00_36_574051.jpg,left_2025_06_20_08_00_36_574051.jpg,right_2025_06_20_08_00_36_574051.jpg,0.0,0,0,15
center_2025_06_20_08_00_37_056847.jpg,left_2025_06_20_08_00_37_056847.jpg,right_2025_06_20_08_00_37_056847.jpg,-0.08727999999999997,0,0,15
center_2025_06_20_08_00_37_465446.jpg,left_2025_06_20_08_00_37_465446.jpg,right_2025_06_20_08_00_37_465446.jpg,0.0,0,0,15
center_2025_06_20_08_00_37_831984.jpg,left_2025_06_20_08_00_37_831984.jpg,right_2025_06_20_08_00_37_831984.jpg,-0.09741999999999999,0,0,15
center_2025_06_20_08_00_38_195684.jpg,left_2025_06_20_08_00_38_195684.jpg,right_2025_06_20_08_00_38_195684.jpg,0.0,0,0,15
center_2025_06_20_08_00_38_576998.jpg,left_2025_06_20_08_00_38_576998.jpg,right_2025_06_20_08_00_38_576998.jpg,-0.09422999999999997,0,0,15
center_2025_06_20_08_00_39_163687.jpg,left_2025_06_20_08_00_39_163687.jpg,right_2025_06_20_08_00_39_163687.jpg,-0.07465,0,0,15
center_2025_06_20_08_00_39_600473.jpg,left_2025_06_20_08_00_39_600473.jpg,right_2025_06_20_08_00_39_600473.jpg,-0.08988999999999997,0,0,15
center_2025_06_20_08_00_40_017688.jpg,left_2025_06_20_08_00_40_017688.jpg,right_2025_06_20_08_00_40_017688.jpg,-0.22682000000000002,0,0,15
center_2025_06_20_08_00_40_489494.jpg,left_2025_06_20_08_00_40_489494.jpg,right_2025_06_20_08_00_40_489494.jpg,-0.11182000000000003,0,0,15
center_2025_06_20_08_00_40_903788.jpg,left_2025_06_20_08_00_40_903788.jpg,right_2025_06_20_08_00_40_903788.jpg,-0.07511,0,0,15
center_2025_06_20_08_00_41_486316.jpg,left_2025_06_20_08_00_41_486316.jpg,right_2025_06_20_08_00_41_486316.jpg,-0.04418000000000001,0,0,15
center_2025_06_20_08_00_41_906101.jpg,left_2025_06_20_08_00_41_906101.jpg,right_2025_06_20_08_00_41_906101.jpg,-0.1375,0,0,15
center_2025_06_20_08_00_42_351218.jpg,left_2025_06_20_08_00_42_351218.jpg,right_2025_06_20_08_00_42_351218.jpg,-0.041819999999999996,0,0,15
center_2025_06_20_08_00_42_794216.jpg,left_2025_06_20_08_00_42_794216.jpg,right_2025_06_20_08_00_42_794216.jpg,0.0,0,0,15
center_2025_06_20_08_00_43_291192.jpg,left_2025_06_20_08_00_43_291192.jpg,right_2025_06_20_08_00_43_291192.jpg,0.0,0,0,15
center_2025_06_20_08_00_43_795534.jpg,left_2025_06_20_08_00_43_795534.jpg,right_2025_06_20_08_00_43_795534.jpg,-0.034999999999999996,0,0,15
center_2025_06_20_08_00_44_219404.jpg,left_2025_06_20_08_00_44_219404.jpg,right_2025_06_20_08_00_44_219404.jpg,0.0,0,0,15
center_2025_06_20_08_00_44_632781.jpg,left_2025_06_20_08_00_44_632781.jpg,right_2025_06_20_08_00_44_632781.jpg,0.0,0,0,15
center_2025_06_20_08_00_45_092036.jpg,left_2025_06_20_08_00_45_092036.jpg,right_2025_06_20_08_00_45_092036.jpg,0.0,0,0,15
center_2025_06_20_08_00_45_619517.jpg,left_2025_06_20_08_00_45_619517.jpg,right_2025_06_20_08_00_45_619517.jpg,0.0,0,0,15
center_2025_06_20_08_00_46_042337.jpg,left_2025_06_20_08_00_46_042337.jpg,right_2025_06_20_08_00_46_042337.jpg,0.0,0,0,15
center_2025_06_20_08_00_46_518373.jpg,left_2025_06_20_08_00_46_518373.jpg,right_2025_06_20_08_00_46_518373.jpg,0.0,0,0,15
center_2025_06_20_08_00_46_968685.jpg,left_2025_06_20_08_00_46_968685.jpg,right_2025_06_20_08_00_46_968685.jpg,0.0,0,0,15
center_2025_06_20_08_00_47_510615.jpg,left_2025_06_20_08_00_47_510615.jpg,right_2025_06_20_08_00_47_510615.jpg,0.0,0,0,15
center_2025_06_20_08_00_48_042618.jpg,left_2025_06_20_08_00_48_042618.jpg,right_2025_06_20_08_00_48_042618.jpg,0.0,0,0,15
center_2025_06_20_08_00_48_475656.jpg,left_2025_06_20_08_00_48_475656.jpg,right_2025_06_20_08_00_48_475656.jpg,0.0,0,0,15
center_2025_06_20_08_00_48_952577.jpg,left_2025_06_20_08_00_48_952577.jpg,right_2025_06_20_08_00_48_952577.jpg,0.0,0,0,15
center_2025_06_20_08_00_49_387892.jpg,left_2025_06_20_08_00_49_387892.jpg,right_2025_06_20_08_00_49_387892.jpg,0.0,0,0,15
center_2025_06_20_08_00_49_892005.jpg,left_2025_06_20_08_00_49_892005.jpg,right_2025_06_20_08_00_49_892005.jpg,0.0,0,0,15
center_2025_06_20_08_00_50_331049.jpg,left_2025_06_20_08_00_50_331049.jpg,right_2025_06_20_08_00_50_331049.jpg,0.0,0,0,15
center_2025_06_20_08_00_50_837267.jpg,left_2025_06_20_08_00_50_837267.jpg,right_2025_06_20_08_00_50_837267.jpg,0.0,0,0,15
center_2025_06_20_08_00_51_428193.jpg,left_2025_06_20_08_00_51_428193.jpg,right_2025_06_20_08_00_51_428193.jpg,0.0,0,0,15
center_2025_06_20_08_00_51_862272.jpg,left_2025_06_20_08_00_51_862272.jpg,right_2025_06_20_08_00_51_862272.jpg,0.0,0,0,15
center_2025_06_20_08_00_52_300437.jpg,left_2025_06_20_08_00_52_300437.jpg,right_2025_06_20_08_00_52_300437.jpg,0.0,0,0,15
center_2025_06_20_08_00_52_712843.jpg,left_2025_06_20_08_00_52_712843.jpg,right_2025_06_20_08_00_52_712843.jpg,0.0,0,0,15
center_2025_06_20_08_00_53_113654.jpg,left_2025_06_20_08_00_53_113654.jpg,right_2025_06_20_08_00_53_113654.jpg,0.0,0,0,15
center_2025_06_20_08_00_53_689872.jpg,left_2025_06_20_08_00_53_689872.jpg,right_2025_06_20_08_00_53_689872.jpg,0.0,0,0,15
center_2025_06_20_08_00_54_145471.jpg,left_2025_06_20_08_00_54_145471.jpg,right_2025_06_20_08_00_54_145471.jpg,0.0,0,0,15
center_2025_06_20_08_00_54_544946.jpg,left_2025_06_20_08_00_54_544946.jpg,right_2025_06_20_08_00_54_544946.jpg,0.0,0,0,15
center_2025_06_20_08_00_54_951032.jpg,left_2025_06_20_08_00_54_951032.jpg,right_2025_06_20_08_00_54_951032.jpg,0.0,0,0,15
center_2025_06_20_08_00_55_488528.jpg,left_2025_06_20_08_00_55_488528.jpg,right_2025_06_20_08_00_55_488528.jpg,0.0,0,0,15
center_2025_06_20_08_00_55_992541.jpg,left_2025_06_20_08_00_55_992541.jpg,right_2025_06_20_08_00_55_992541.jpg,0.0,0,0,15
center_2025_06_20_08_00_56_406165.jpg,left_2025_06_20_08_00_56_406165.jpg,right_2025_06_20_08_00_56_406165.jpg,0.0,0,0,15
center_2025_06_20_08_00_56_830392.jpg,left_2025_06_20_08_00_56_830392.jpg,right_2025_06_20_08_00_56_830392.jpg,0.0,0,0,15
center_2025_06_20_08_00_57_239367.jpg,left_2025_06_20_08_00_57_239367.jpg,right_2025_06_20_08_00_57_239367.jpg,0.0,0,0,15
center_2025_06_20_08_00_57_799061.jpg,left_2025_06_20_08_00_57_799061.jpg,right_2025_06_20_08_00_57_799061.jpg,0.0,0,0,15
center_2025_06_20_08_00_58_329692.jpg,left_2025_06_20_08_00_58_329692.jpg,right_2025_06_20_08_00_58_329692.jpg,0.0,0,0,15
center_2025_06_20_08_00_58_742810.jpg,left_2025_06_20_08_00_58_742810.jpg,right_2025_06_20_08_00_58_742810.jpg,0.0,0,0,15
center_2025_06_20_08_00_59_158450.jpg,left_2025_06_20_08_00_59_158450.jpg,right_2025_06_20_08_00_59_158450.jpg,0.0,0,0,15
center_2025_06_20_08_00_59_617588.jpg,left_2025_06_20_08_00_59_617588.jpg,right_2025_06_20_08_00_59_617588.jpg,0.0,0,0,15
center_2025_06_20_08_01_00_192081.jpg,left_2025_06_20_08_01_00_192081.jpg,right_2025_06_20_08_01_00_192081.jpg,0.0,0,0,15
center_2025_06_20_08_01_00_655468.jpg,left_2025_06_20_08_01_00_655468.jpg,right_2025_06_20_08_01_00_655468.jpg,0.0,0,0,15
center_2025_06_20_08_01_01_097768.jpg,left_2025_06_20_08_01_01_097768.jpg,right_2025_06_20_08_01_01_097768.jpg,0.0,0,0,15
center_2025_06_20_08_01_01_557551.jpg,left_2025_06_20_08_01_01_557551.jpg,right_2025_06_20_08_01_01_557551.jpg,0.0,0,0,15
center_2025_06_20_08_01_01_984990.jpg,left_2025_06_20_08_01_01_984990.jpg,right_2025_06_20_08_01_01_984990.jpg,0.0,0,0,15
center_2025_06_20_08_01_02_393587.jpg,left_2025_06_20_08_01_02_393587.jpg,right_2025_06_20_08_01_02_393587.jpg,0.0,0,0,15
center_2025_06_20_08_01_02_846508.jpg,left_2025_06_20_08_01_02_846508.jpg,right_2025_06_20_08_01_02_846508.jpg,0.0,0,0,15
center_2025_06_20_08_01_03_320487.jpg,left_2025_06_20_08_01_03_320487.jpg,right_2025_06_20_08_01_03_320487.jpg,0.0,0,0,15
center_2025_06_20_08_01_03_933927.jpg,left_2025_06_20_08_01_03_933927.jpg,right_2025_06_20_08_01_03_933927.jpg,0.0,0,0,15
center_2025_06_20_08_01_04_426173.jpg,left_2025_06_20_08_01_04_426173.jpg,right_2025_06_20_08_01_04_426173.jpg,0.0,0,0,15
center_2025_06_20_08_01_04_840774.jpg,left_2025_06_20_08_01_04_840774.jpg,right_2025_06_20_08_01_04_840774.jpg,0.0,0,0,15
center_2025_06_20_08_01_05_345620.jpg,left_2025_06_20_08_01_05_345620.jpg,right_2025_06_20_08_01_05_345620.jpg,0.0,0,0,15
center_2025_06_20_08_01_05_994477.jpg,left_2025_06_20_08_01_05_994477.jpg,right_2025_06_20_08_01_05_994477.jpg,0.0,0,0,15
center_2025_06_20_08_01_06_552463.jpg,left_2025_06_20_08_01_06_552463.jpg,right_2025_06_20_08_01_06_552463.jpg,0.0,0,0,15
center_2025_06_20_08_01_07_052041.jpg,left_2025_06_20_08_01_07_052041.jpg,right_2025_06_20_08_01_07_052041.jpg,0.0,0,0,15
center_2025_06_20_08_01_07_507799.jpg,left_2025_06_20_08_01_07_507799.jpg,right_2025_06_20_08_01_07_507799.jpg,0.0,0,0,15
center_2025_06_20_08_01_08_049519.jpg,left_2025_06_20_08_01_08_049519.jpg,right_2025_06_20_08_01_08_049519.jpg,0.0,0,0,15
center_2025_06_20_08_01_08_520962.jpg,left_2025_06_20_08_01_08_520962.jpg,right_2025_06_20_08_01_08_520962.jpg,0.0,0,0,15
center_2025_06_20_08_01_08_952562.jpg,left_2025_06_20_08_01_08_952562.jpg,right_2025_06_20_08_01_08_952562.jpg,0.0,0,0,15
center_2025_06_20_08_01_09_350818.jpg,left_2025_06_20_08_01_09_350818.jpg,right_2025_06_20_08_01_09_350818.jpg,0.0,0,0,15
center_2025_06_20_08_01_09_751208.jpg,left_2025_06_20_08_01_09_751208.jpg,right_2025_06_20_08_01_09_751208.jpg,0.0,0,0,15
center_2025_06_20_08_01_10_251707.jpg,left_2025_06_20_08_01_10_251707.jpg,right_2025_06_20_08_01_10_251707.jpg,0.08205,0,0,15
center_2025_06_20_08_01_10_799865.jpg,left_2025_06_20_08_01_10_799865.jpg,right_2025_06_20_08_01_10_799865.jpg,-0.07177,0,0,15
center_2025_06_20_08_01_11_176210.jpg,left_2025_06_20_08_01_11_176210.jpg,right_2025_06_20_08_01_11_176210.jpg,-0.06124999999999999,0,0,15
center_2025_06_20_08_01_11_551914.jpg,left_2025_06_20_08_01_11_551914.jpg,right_2025_06_20_08_01_11_551914.jpg,-0.10643000000000001,0,0,15
center_2025_06_20_08_01_12_002938.jpg,left_2025_06_20_08_01_12_002938.jpg,right_2025_06_20_08_01_12_002938.jpg,-0.07269000000000002,0,0,15
center_2025_06_20_08_01_12_391429.jpg,left_2025_06_20_08_01_12_391429.jpg,right_2025_06_20_08_01_12_391429.jpg,-0.09307000000000001,0,0,15
center_2025_06_20_08_01_12_907619.jpg,left_2025_06_20_08_01_12_907619.jpg,right_2025_06_20_08_01_12_907619.jpg,-0.058530000000000006,0,0,15
center_2025_06_20_08_01_13_374466.jpg,left_2025_06_20_08_01_13_374466.jpg,right_2025_06_20_08_01_13_374466.jpg,-0.10717,0,0,15
center_2025_06_20_08_01_13_817446.jpg,left_2025_06_20_08_01_13_817446.jpg,right_2025_06_20_08_01_13_817446.jpg,-0.06489,0,0,15
center_2025_06_20_08_01_14_238306.jpg,left_2025_06_20_08_01_14_238306.jpg,right_2025_06_20_08_01_14_238306.jpg,-0.10227999999999997,0,0,15
center_2025_06_20_08_01_14_674451.jpg,left_2025_06_20_08_01_14_674451.jpg,right_2025_06_20_08_01_14_674451.jpg,-0.07963999999999999,0,0,15
center_2025_06_20_08_01_15_157049.jpg,left_2025_06_20_08_01_15_157049.jpg,right_2025_06_20_08_01_15_157049.jpg,-0.10717,0,0,15
center_2025_06_20_08_01_15_689606.jpg,left_2025_06_20_08_01_15_689606.jpg,right_2025_06_20_08_01_15_689606.jpg,-0.06926999999999998,0,0,15
center_2025_06_20_08_01_16_093242.jpg,left_2025_06_20_08_01_16_093242.jpg,right_2025_06_20_08_01_16_093242.jpg,0.0,0,0,15
center_2025_06_20_08_01_16_547391.jpg,left_2025_06_20_08_01_16_547391.jpg,right_2025_06_20_08_01_16_547391.jpg,-0.07985999999999999,0,0,15
center_2025_06_20_08_01_16_968432.jpg,left_2025_06_20_08_01_16_968432.jpg,right_2025_06_20_08_01_16_968432.jpg,0.0,0,0,15
center_2025_06_20_08_01_17_494533.jpg,left_2025_06_20_08_01_17_494533.jpg,right_2025_06_20_08_01_17_494533.jpg,-0.06831999999999999,0,0,15
center_2025_06_20_08_01_17_984890.jpg,left_2025_06_20_08_01_17_984890.jpg,right_2025_06_20_08_01_17_984890.jpg,-0.055330000000000004,0,0,15
center_2025_06_20_08_01_18_468193.jpg,left_2025_06_20_08_01_18_468193.jpg,right_2025_06_20_08_01_18_468193.jpg,0.0,0,0,15
center_2025_06_20_08_01_18_984886.jpg,left_2025_06_20_08_01_18_984886.jpg,right_2025_06_20_08_01_18_984886.jpg,0.0,0,0,15
center_2025_06_20_08_01_19_592544.jpg,left_2025_06_20_08_01_19_592544.jpg,right_2025_06_20_08_01_19_592544.jpg,0.0,0,0,15
center_2025_06_20_08_01_20_135989.jpg,left_2025_06_20_08_01_20_135989.jpg,right_2025_06_20_08_01_20_135989.jpg,0.0,0,0,15
center_2025_06_20_08_01_20_614847.jpg,left_2025_06_20_08_01_20_614847.jpg,right_2025_06_20_08_01_20_614847.jpg,0.0,0,0,15
center_2025_06_20_08_01_21_132063.jpg,left_2025_06_20_08_01_21_132063.jpg,right_2025_06_20_08_01_21_132063.jpg,0.0,0,0,15
center_2025_06_20_08_01_21_693719.jpg,left_2025_06_20_08_01_21_693719.jpg,right_2025_06_20_08_01_21_693719.jpg,0.0,0,0,15
center_2025_06_20_08_01_22_258147.jpg,left_2025_06_20_08_01_22_258147.jpg,right_2025_06_20_08_01_22_258147.jpg,0.0,0,0,15
center_2025_06_20_08_01_22_743558.jpg,left_2025_06_20_08_01_22_743558.jpg,right_2025_06_20_08_01_22_743558.jpg,0.0,0,0,15
center_2025_06_20_08_01_23_240353.jpg,left_2025_06_20_08_01_23_240353.jpg,right_2025_06_20_08_01_23_240353.jpg,0.0,0,0,15
center_2025_06_20_08_01_23_820794.jpg,left_2025_06_20_08_01_23_820794.jpg,right_2025_06_20_08_01_23_820794.jpg,0.0,0,0,15
center_2025_06_20_08_01_24_315441.jpg,left_2025_06_20_08_01_24_315441.jpg,right_2025_06_20_08_01_24_315441.jpg,0.0,0,0,15
center_2025_06_20_08_01_24_819570.jpg,left_2025_06_20_08_01_24_819570.jpg,right_2025_06_20_08_01_24_819570.jpg,0.0,0,0,15
center_2025_06_20_08_01_25_359569.jpg,left_2025_06_20_08_01_25_359569.jpg,right_2025_06_20_08_01_25_359569.jpg,0.0,0,0,15
center_2025_06_20_08_01_25_818176.jpg,left_2025_06_20_08_01_25_818176.jpg,right_2025_06_20_08_01_25_818176.jpg,0.0,0,0,15
center_2025_06_20_08_01_26_319715.jpg,left_2025_06_20_08_01_26_319715.jpg,right_2025_06_20_08_01_26_319715.jpg,0.0,0,0,15
center_2025_06_20_08_01_26_817049.jpg,left_2025_06_20_08_01_26_817049.jpg,right_2025_06_20_08_01_26_817049.jpg,0.0,0,0,15
center_2025_06_20_08_01_27_388672.jpg,left_2025_06_20_08_01_27_388672.jpg,right_2025_06_20_08_01_27_388672.jpg,0.0,0,0,15
center_2025_06_20_08_01_27_870871.jpg,left_2025_06_20_08_01_27_870871.jpg,right_2025_06_20_08_01_27_870871.jpg,0.0,0,0,15
center_2025_06_20_08_01_28_341154.jpg,left_2025_06_20_08_01_28_341154.jpg,right_2025_06_20_08_01_28_341154.jpg,0.0,0,0,15
center_2025_06_20_08_01_28_821766.jpg,left_2025_06_20_08_01_28_821766.jpg,right_2025_06_20_08_01_28_821766.jpg,0.0,0,0,15
center_2025_06_20_08_01_29_277906.jpg,left_2025_06_20_08_01_29_277906.jpg,right_2025_06_20_08_01_29_277906.jpg,0.0,0,0,15
center_2025_06_20_08_01_29_867358.jpg,left_2025_06_20_08_01_29_867358.jpg,right_2025_06_20_08_01_29_867358.jpg,0.0,0,0,15
center_2025_06_20_08_01_30_283806.jpg,left_2025_06_20_08_01_30_283806.jpg,right_2025_06_20_08_01_30_283806.jpg,0.0,0,0,15
center_2025_06_20_08_01_30_772496.jpg,left_2025_06_20_08_01_30_772496.jpg,right_2025_06_20_08_01_30_772496.jpg,0.0,0,0,15
center_2025_06_20_08_01_31_210448.jpg,left_2025_06_20_08_01_31_210448.jpg,right_2025_06_20_08_01_31_210448.jpg,0.0,0,0,15
center_2025_06_20_08_01_31_722761.jpg,left_2025_06_20_08_01_31_722761.jpg,right_2025_06_20_08_01_31_722761.jpg,0.0,0,0,15
center_2025_06_20_08_01_32_163309.jpg,left_2025_06_20_08_01_32_163309.jpg,right_2025_06_20_08_01_32_163309.jpg,0.0,0,0,15
center_2025_06_20_08_01_32_666434.jpg,left_2025_06_20_08_01_32_666434.jpg,right_2025_06_20_08_01_32_666434.jpg,0.0,0,0,15
center_2025_06_20_08_01_33_161041.jpg,left_2025_06_20_08_01_33_161041.jpg,right_2025_06_20_08_01_33_161041.jpg,0.0,0,0,15
center_2025_06_20_08_01_33_763013.jpg,left_2025_06_20_08_01_33_763013.jpg,right_2025_06_20_08_01_33_763013.jpg,0.0,0,0,15
center_2025_06_20_08_01_34_294658.jpg,left_2025_06_20_08_01_34_294658.jpg,right_2025_06_20_08_01_34_294658.jpg,0.0,0,0,15
center_2025_06_20_08_01_34_784269.jpg,left_2025_06_20_08_01_34_784269.jpg,right_2025_06_20_08_01_34_784269.jpg,0.0,0,0,15
center_2025_06_20_08_01_35_267592.jpg,left_2025_06_20_08_01_35_267592.jpg,right_2025_06_20_08_01_35_267592.jpg,0.0,0,0,15
center_2025_06_20_08_01_35_707409.jpg,left_2025_06_20_08_01_35_707409.jpg,right_2025_06_20_08_01_35_707409.jpg,0.0,0,0,15
center_2025_06_20_08_01_36_269674.jpg,left_2025_06_20_08_01_36_269674.jpg,right_2025_06_20_08_01_36_269674.jpg,0.0,0,0,15
center_2025_06_20_08_01_36_778289.jpg,left_2025_06_20_08_01_36_778289.jpg,right_2025_06_20_08_01_36_778289.jpg,0.0,0,0,15
center_2025_06_20_08_01_37_236524.jpg,left_2025_06_20_08_01_37_236524.jpg,right_2025_06_20_08_01_37_236524.jpg,0.0,0,0,15
center_2025_06_20_08_01_37_701122.jpg,left_2025_06_20_08_01_37_701122.jpg,right_2025_06_20_08_01_37_701122.jpg,0.0,0,0,15
center_2025_06_20_08_01_38_171752.jpg,left_2025_06_20_08_01_38_171752.jpg,right_2025_06_20_08_01_38_171752.jpg,0.0,0,0,15
center_2025_06_20_08_01_38_817721.jpg,left_2025_06_20_08_01_38_817721.jpg,right_2025_06_20_08_01_38_817721.jpg,0.0,0,0,15
center_2025_06_20_08_01_39_291563.jpg,left_2025_06_20_08_01_39_291563.jpg,right_2025_06_20_08_01_39_291563.jpg,0.0,0,0,15
center_2025_06_20_08_01_39_737836.jpg,left_2025_06_20_08_01_39_737836.jpg,right_2025_06_20_08_01_39_737836.jpg,0.0,0,0,15
center_2025_06_20_08_01_40_196195.jpg,left_2025_06_20_08_01_40_196195.jpg,right_2025_06_20_08_01_40_196195.jpg,0.0,0,0,15
center_2025_06_20_08_01_40_718079.jpg,left_2025_06_20_08_01_40_718079.jpg,right_2025_06_20_08_01_40_718079.jpg,0.0,0,0,15
center_2025_06_20_08_01_41_188369.jpg,left_2025_06_20_08_01_41_188369.jpg,right_2025_06_20_08_01_41_188369.jpg,0.0,0,0,15
center_2025_06_20_08_01_41_666357.jpg,left_2025_06_20_08_01_41_666357.jpg,right_2025_06_20_08_01_41_666357.jpg,0.0,0,0,15
center_2025_06_20_08_01_42_125712.jpg,left_2025_06_20_08_01_42_125712.jpg,right_2025_06_20_08_01_42_125712.jpg,0.0,0,0,15
center_2025_06_20_08_01_42_639572.jpg,left_2025_06_20_08_01_42_639572.jpg,right_2025_06_20_08_01_42_639572.jpg,0.0,0,0,15
center_2025_06_20_08_01_43_207540.jpg,left_2025_06_20_08_01_43_207540.jpg,right_2025_06_20_08_01_43_207540.jpg,0.0,0,0,15
center_2025_06_20_08_01_43_655712.jpg,left_2025_06_20_08_01_43_655712.jpg,right_2025_06_20_08_01_43_655712.jpg,0.0,0,0,15
center_2025_06_20_08_01_44_122335.jpg,left_2025_06_20_08_01_44_122335.jpg,right_2025_06_20_08_01_44_122335.jpg,0.0,0,0,15
center_2025_06_20_08_01_44_547430.jpg,left_2025_06_20_08_01_44_547430.jpg,right_2025_06_20_08_01_44_547430.jpg,0.0,0,0,15
center_2025_06_20_08_01_45_064976.jpg,left_2025_06_20_08_01_45_064976.jpg,right_2025_06_20_08_01_45_064976.jpg,0.0,0,0,15
center_2025_06_20_08_01_45_491759.jpg,left_2025_06_20_08_01_45_491759.jpg,right_2025_06_20_08_01_45_491759.jpg,0.0,0,0,15
center_2025_06_20_08_01_45_952296.jpg,left_2025_06_20_08_01_45_952296.jpg,right_2025_06_20_08_01_45_952296.jpg,0.0,0,0,15
center_2025_06_20_08_01_46_403099.jpg,left_2025_06_20_08_01_46_403099.jpg,right_2025_06_20_08_01_46_403099.jpg,0.0,0,0,15
center_2025_06_20_08_01_46_940491.jpg,left_2025_06_20_08_01_46_940491.jpg,right_2025_06_20_08_01_46_940491.jpg,0.0,0,0,15
center_2025_06_20_08_01_47_423633.jpg,left_2025_06_20_08_01_47_423633.jpg,right_2025_06_20_08_01_47_423633.jpg,0.0,0,0,15
center_2025_06_20_08_01_47_856237.jpg,left_2025_06_20_08_01_47_856237.jpg,right_2025_06_20_08_01_47_856237.jpg,0.0,0,0,15
center_2025_06_20_08_01_48_334978.jpg,left_2025_06_20_08_01_48_334978.jpg,right_2025_06_20_08_01_48_334978.jpg,0.0,0,0,15
center_2025_06_20_08_01_48_799987.jpg,left_2025_06_20_08_01_48_799987.jpg,right_2025_06_20_08_01_48_799987.jpg,0.0,0,0,15
center_2025_06_20_08_01_49_354679.jpg,left_2025_06_20_08_01_49_354679.jpg,right_2025_06_20_08_01_49_354679.jpg,0.0,0,0,15
center_2025_06_20_08_01_49_800747.jpg,left_2025_06_20_08_01_49_800747.jpg,right_2025_06_20_08_01_49_800747.jpg,0.0,0,0,15
center_2025_06_20_08_01_50_228546.jpg,left_2025_06_20_08_01_50_228546.jpg,right_2025_06_20_08_01_50_228546.jpg,0.0,0,0,15
center_2025_06_20_08_01_50_651676.jpg,left_2025_06_20_08_01_50_651676.jpg,right_2025_06_20_08_01_50_651676.jpg,0.0,0,0,15
center_2025_06_20_08_01_51_215471.jpg,left_2025_06_20_08_01_51_215471.jpg,right_2025_06_20_08_01_51_215471.jpg,0.0,0,0,15
center_2025_06_20_08_01_51_713673.jpg,left_2025_06_20_08_01_51_713673.jpg,right_2025_06_20_08_01_51_713673.jpg,0.0,0,0,15
center_2025_06_20_08_01_52_143517.jpg,left_2025_06_20_08_01_52_143517.jpg,right_2025_06_20_08_01_52_143517.jpg,0.0,0,0,15
center_2025_06_20_08_01_52_591926.jpg,left_2025_06_20_08_01_52_591926.jpg,right_2025_06_20_08_01_52_591926.jpg,0.0,0,0,15
center_2025_06_20_08_01_53_043949.jpg,left_2025_06_20_08_01_53_043949.jpg,right_2025_06_20_08_01_53_043949.jpg,0.0,0,0,15
center_2025_06_20_08_01_53_557090.jpg,left_2025_06_20_08_01_53_557090.jpg,right_2025_06_20_08_01_53_557090.jpg,0.0,0,0,15
center_2025_06_20_08_01_54_070680.jpg,left_2025_06_20_08_01_54_070680.jpg,right_2025_06_20_08_01_54_070680.jpg,0.0,0,0,15
center_2025_06_20_08_01_54_513400.jpg,left_2025_06_20_08_01_54_513400.jpg,right_2025_06_20_08_01_54_513400.jpg,0.0,0,0,15
center_2025_06_20_08_01_54_971970.jpg,left_2025_06_20_08_01_54_971970.jpg,right_2025_06_20_08_01_54_971970.jpg,0.0,0,0,15
center_2025_06_20_08_01_55_434933.jpg,left_2025_06_20_08_01_55_434933.jpg,right_2025_06_20_08_01_55_434933.jpg,0.0,0,0,15
center_2025_06_20_08_01_55_890214.jpg,left_2025_06_20_08_01_55_890214.jpg,right_2025_06_20_08_01_55_890214.jpg,0.0,0,0,15
center_2025_06_20_08_01_56_381338.jpg,left_2025_06_20_08_01_56_381338.jpg,right_2025_06_20_08_01_56_381338.jpg,0.0,0,0,15
center_2025_06_20_08_01_56_835588.jpg,left_2025_06_20_08_01_56_835588.jpg,right_2025_06_20_08_01_56_835588.jpg,0.0,0,0,15
center_2025_06_20_08_01_57_320069.jpg,left_2025_06_20_08_01_57_320069.jpg,right_2025_06_20_08_01_57_320069.jpg,0.0,0,0,15
center_2025_06_20_08_01_57_783597.jpg,left_2025_06_20_08_01_57_783597.jpg,right_2025_06_20_08_01_57_783597.jpg,-0.045009999999999994,0,0,15
center_2025_06_20_08_01_58_292830.jpg,left_2025_06_20_08_01_58_292830.jpg,right_2025_06_20_08_01_58_292830.jpg,0.0,0,0,15
center_2025_06_20_08_01_58_741782.jpg,left_2025_06_20_08_01_58_741782.jpg,right_2025_06_20_08_01_58_741782.jpg,-0.07269,0,0,15
center_2025_06_20_08_01_59_323654.jpg,left_2025_06_20_08_01_59_323654.jpg,right_2025_06_20_08_01_59_323654.jpg,0.0,0,0,15
center_2025_06_20_08_01_59_782984.jpg,left_2025_06_20_08_01_59_782984.jpg,right_2025_06_20_08_01_59_782984.jpg,-0.0863,0,0,15
center_2025_06_20_08_02_00_236609.jpg,left_2025_06_20_08_02_00_236609.jpg,right_2025_06_20_08_02_00_236609.jpg,0.0,0,0,15
center_2025_06_20_08_02_00_646635.jpg,left_2025_06_20_08_02_00_646635.jpg,right_2025_06_20_08_02_00_646635.jpg,-0.09601999999999997,0,0,15
center_2025_06_20_08_02_01_161586.jpg,left_2025_06_20_08_02_01_161586.jpg,right_2025_06_20_08_02_01_161586.jpg,0.0,0,0,15
center_2025_06_20_08_02_01_628641.jpg,left_2025_06_20_08_02_01_628641.jpg,right_2025_06_20_08_02_01_628641.jpg,-0.09713999999999996,0,0,15
center_2025_06_20_08_02_02_122501.jpg,left_2025_06_20_08_02_02_122501.jpg,right_2025_06_20_08_02_02_122501.jpg,0.15000000000000002,0,0,15
center_2025_06_20_08_02_02_581494.jpg,left_2025_06_20_08_02_02_581494.jpg,right_2025_06_20_08_02_02_581494.jpg,-0.09867000000000004,0,0,15
center_2025_06_20_08_02_03_036979.jpg,left_2025_06_20_08_02_03_036979.jpg,right_2025_06_20_08_02_03_036979.jpg,-0.08363999999999999,0,0,15
center_2025_06_20_08_02_03_503014.jpg,left_2025_06_20_08_02_03_503014.jpg,right_2025_06_20_08_02_03_503014.jpg,-0.11227999999999998,0,0,15
center_2025_06_20_08_02_04_097808.jpg,left_2025_06_20_08_02_04_097808.jpg,right_2025_06_20_08_02_04_097808.jpg,-0.06670999999999999,0,0,15
center_2025_06_20_08_02_04_584253.jpg,left_2025_06_20_08_02_04_584253.jpg,right_2025_06_20_08_02_04_584253.jpg,-0.11157999999999998,0,0,15
center_2025_06_20_08_02_05_104936.jpg,left_2025_06_20_08_02_05_104936.jpg,right_2025_06_20_08_02_05_104936.jpg,-0.06977,0,0,15
center_2025_06_20_08_02_05_653291.jpg,left_2025_06_20_08_02_05_653291.jpg,right_2025_06_20_08_02_05_653291.jpg,-0.07679,0,0,15
center_2025_06_20_08_02_06_257190.jpg,left_2025_06_20_08_02_06_257190.jpg,right_2025_06_20_08_02_06_257190.jpg,-0.19932,0,0,15
center_2025_06_20_08_02_06_817484.jpg,left_2025_06_20_08_02_06_817484.jpg,right_2025_06_20_08_02_06_817484.jpg,0.0,0,0,15
center_2025_06_20_08_02_07_373466.jpg,left_2025_06_20_08_02_07_373466.jpg,right_2025_06_20_08_02_07_373466.jpg,0.0,0,0,15
center_2025_06_20_08_02_07_904520.jpg,left_2025_06_20_08_02_07_904520.jpg,right_2025_06_20_08_02_07_904520.jpg,0.0,0,0,15
center_2025_06_20_08_02_08_534622.jpg,left_2025_06_20_08_02_08_534622.jpg,right_2025_06_20_08_02_08_534622.jpg,-0.11682000000000001,0,0,15
center_2025_06_20_08_02_09_080778.jpg,left_2025_06_20_08_02_09_080778.jpg,right_2025_06_20_08_02_09_080778.jpg,0.0,0,0,15
center_2025_06_20_08_02_09_626547.jpg,left_2025_06_20_08_02_09_626547.jpg,right_2025_06_20_08_02_09_626547.jpg,0.0,0,0,15
center_2025_06_20_08_02_10_185435.jpg,left_2025_06_20_08_02_10_185435.jpg,right_2025_06_20_08_02_10_185435.jpg,0.0,0,0,15
center_2025_06_20_08_02_10_751378.jpg,left_2025_06_20_08_02_10_751378.jpg,right_2025_06_20_08_02_10_751378.jpg,0.0,0,0,15
center_2025_06_20_08_02_11_397005.jpg,left_2025_06_20_08_02_11_397005.jpg,right_2025_06_20_08_02_11_397005.jpg,0.0,0,0,15
center_2025_06_20_08_02_11_946573.jpg,left_2025_06_20_08_02_11_946573.jpg,right_2025_06_20_08_02_11_946573.jpg,0.0,0,0,15
center_2025_06_20_08_02_12_460384.jpg,left_2025_06_20_08_02_12_460384.jpg,right_2025_06_20_08_02_12_460384.jpg,0.0,0,0,15
center_2025_06_20_08_02_13_052832.jpg,left_2025_06_20_08_02_13_052832.jpg,right_2025_06_20_08_02_13_052832.jpg,0.0,0,0,15
center_2025_06_20_08_02_13_611875.jpg,left_2025_06_20_08_02_13_611875.jpg,right_2025_06_20_08_02_13_611875.jpg,0.0,0,0,15
center_2025_06_20_08_02_14_156702.jpg,left_2025_06_20_08_02_14_156702.jpg,right_2025_06_20_08_02_14_156702.jpg,0.0,0,0,15
center_2025_06_20_08_02_14_687017.jpg,left_2025_06_20_08_02_14_687017.jpg,right_2025_06_20_08_02_14_687017.jpg,0.0,0,0,15
center_2025_06_20_08_02_15_326459.jpg,left_2025_06_20_08_02_15_326459.jpg,right_2025_06_20_08_02_15_326459.jpg,0.0,0,0,15
center_2025_06_20_08_02_15_835617.jpg,left_2025_06_20_08_02_15_835617.jpg,right_2025_06_20_08_02_15_835617.jpg,0.0,0,0,15
center_2025_06_20_08_02_16_372762.jpg,left_2025_06_20_08_02_16_372762.jpg,right_2025_06_20_08_02_16_372762.jpg,0.0,0,0,15
center_2025_06_20_08_02_16_914360.jpg,left_2025_06_20_08_02_16_914360.jpg,right_2025_06_20_08_02_16_914360.jpg,0.0,0,0,15
center_2025_06_20_08_02_17_504124.jpg,left_2025_06_20_08_02_17_504124.jpg,right_2025_06_20_08_02_17_504124.jpg,0.0,0,0,15
center_2025_06_20_08_02_18_037620.jpg,left_2025_06_20_08_02_18_037620.jpg,right_2025_06_20_08_02_18_037620.jpg,0.0,0,0,15
center_2025_06_20_08_02_18_558620.jpg,left_2025_06_20_08_02_18_558620.jpg,right_2025_06_20_08_02_18_558620.jpg,0.0,0,0,15
center_2025_06_20_08_02_19_117383.jpg,left_2025_06_20_08_02_19_117383.jpg,right_2025_06_20_08_02_19_117383.jpg,0.0,0,0,15
center_2025_06_20_08_02_19_644366.jpg,left_2025_06_20_08_02_19_644366.jpg,right_2025_06_20_08_02_19_644366.jpg,0.0,0,0,15
center_2025_06_20_08_02_20_172463.jpg,left_2025_06_20_08_02_20_172463.jpg,right_2025_06_20_08_02_20_172463.jpg,0.0,0,0,15
center_2025_06_20_08_02_20_754698.jpg,left_2025_06_20_08_02_20_754698.jpg,right_2025_06_20_08_02_20_754698.jpg,0.0,0,0,15
center_2025_06_20_08_02_21_282025.jpg,left_2025_06_20_08_02_21_282025.jpg,right_2025_06_20_08_02_21_282025.jpg,0.0,0,0,15
center_2025_06_20_08_02_21_768464.jpg,left_2025_06_20_08_02_21_768464.jpg,right_2025_06_20_08_02_21_768464.jpg,0.0,0,0,15
center_2025_06_20_08_02_22_256984.jpg,left_2025_06_20_08_02_22_256984.jpg,right_2025_06_20_08_02_22_256984.jpg,0.0,0,0,15
center_2025_06_20_08_02_22_709609.jpg,left_2025_06_20_08_02_22_709609.jpg,right_2025_06_20_08_02_22_709609.jpg,0.0,0,0,15
center_2025_06_20_08_02_23_201496.jpg,left_2025_06_20_08_02_23_201496.jpg,right_2025_06_20_08_02_23_201496.jpg,0.0,0,0,15
